block,same_y_reference_start_0,same_y_reference_start_1,same_y_reference_start_2,same_y_reference_start_3,decoded_start_0,decoded_start_1,decoded_start_2,decoded_start_3,delta_start_0,delta_start_1,delta_start_2,delta_start_3,same_y_reference_end_0,same_y_reference_end_1,same_y_reference_end_2,same_y_reference_end_3,decoded_end_0,decoded_end_1,decoded_end_2,decoded_end_3,delta_end_0,delta_end_1,delta_end_2,delta_end_3,F4_delta_start_0,F4_delta_start_1,F4_delta_start_2,F4_delta_start_3,innovation_0,innovation_1,innovation_2,innovation_3,delta_start_inf,delta_end_inf,block_growth_inf,unstable_start_abs,unstable_end_abs,unstable_growth_abs,theoretical_unstable_block_growth,innovation_inf
0,4.00000000000000008e-02,-2.99999999999999989e-02,2.00000000000000004e-02,1.00000000000000002e-02,3.99999999999998967e-02,-2.99999999999990968e-02,2.00000000000010725e-02,1.00000000000005501e-02,-1.04083408558608426e-16,9.02056207507939689e-16,1.07205910815366678e-15,5.49907341884647849e-16,-2.72875713277300758e-01,6.18236650742301323e-03,-9.43198909208970565e-03,1.77321860564578562e-02,-2.72875713278744325e-01,6.18236650719674718e-03,-9.43198909201120594e-03,1.77321860565115876e-02,-1.44356748776885979e-12,-2.26266054503820868e-13,7.84997067349024746e-14,5.37313249449056229e-14,-1.24617063706359231e-16,1.89986577465161074e-16,6.40164284758650534e-18,1.62168070532261473e-18,-1.44344287070515346e-12,-2.26456041081286021e-13,7.84933050920548864e-14,5.37297032642003009e-14,1.07205910815366678e-15,1.44356748776885979e-12,1.34653721682847890e+03,1.04083408558608426e-16,1.44356748776885979e-12,1.38693333333333339e+04,1.19728077156685853e+00,1.44344287070515346e-12
1,-2.72875713277300758e-01,6.18236650742301323e-03,-9.43198909208970565e-03,1.77321860564578562e-02,-2.72875713278744325e-01,6.18236650719674718e-03,-9.43198909201120594e-03,1.77321860565115876e-02,-1.44356748776885979e-12,-2.26266054503820868e-13,7.84997067349024746e-14,5.37313249449056229e-14,-2.34859410301187649e-01,2.02333762888966262e-02,3.39786499344041093e-02,-2.14514629001683020e-02,-2.34859410303799004e-01,2.02333762887204061e-02,3.39786499344071624e-02,-2.14514629001869989e-02,-2.61135557622083070e-12,-1.76220149583627972e-13,3.05311331771918049e-15,-1.86968496240780269e-14,-1.72835559556473167e-12,-4.76550274073117006e-14,4.68749420936868251e-16,1.58454063617232391e-16,-8.82999980656099025e-13,-1.28565122176316278e-13,2.58436389678231224e-15,-1.88553036876952603e-14,1.44356748776885979e-12,2.61135557622083070e-12,1.80895981542011142e+00,1.44356748776885979e-12,2.61135557622083070e-12,1.80895981542011142e+00,1.19728077156685853e+00,8.82999980656099025e-13
2,-2.34859410301187649e-01,2.02333762888966262e-02,3.39786499344041093e-02,-2.14514629001683020e-02,-2.34859410303799004e-01,2.02333762887204061e-02,3.39786499344071624e-02,-2.14514629001869989e-02,-2.61135557622083070e-12,-1.76220149583627972e-13,3.05311331771918049e-15,-1.86968496240780269e-14,-1.41291266819361827e-01,1.58935249157998414e-02,2.94662175335545055e-02,-2.09295579117411978e-02,-1.41291266823137196e-01,1.58935249156876394e-02,2.94662175336228363e-02,-2.09295579117098861e-02,-3.77536890638907607e-12,-1.12201914426179883e-13,6.83307577187264314e-14,3.13117587413813681e-14,-3.12652581913309389e-12,-3.71146086254248506e-14,1.82312158766217635e-17,-5.51371439809688994e-17,-6.48843087255982179e-13,-7.50873058007550323e-14,6.83125265028498050e-14,3.13668958853623357e-14,2.61135557622083070e-12,3.77536890638907607e-12,1.44575060584158832e+00,2.61135557622083070e-12,3.77536890638907607e-12,1.44575060584158832e+00,1.19728077156685853e+00,6.48843087255982179e-13
3,-1.41291266819361827e-01,1.58935249157998414e-02,2.94662175335545055e-02,-2.09295579117411978e-02,-1.41291266823137196e-01,1.58935249156876394e-02,2.94662175336228363e-02,-2.09295579117098861e-02,-3.77536890638907607e-12,-1.12201914426179883e-13,6.83307577187264314e-14,3.13117587413813681e-14,-7.23314243411791041e-02,9.30492882207127267e-03,1.76949769614789150e-02,-1.30625846272240179e-02,-7.23314243458449968e-02,9.30492882201308831e-03,1.76949769614889105e-02,-1.30625846271965069e-02,-4.66589267222872195e-12,-5.81843601077380868e-14,9.99547666857836248e-15,2.75109796055161837e-14,-4.52017659719103872e-12,-2.36314073662434949e-14,4.08027041693256393e-16,9.23386016753097649e-17,-1.45716075037683232e-13,-3.45529527414945919e-14,9.58744962688510549e-15,2.74186410038408754e-14,3.77536890638907607e-12,4.66589267222872195e-12,1.23587728455690993e+00,3.77536890638907607e-12,4.66589267222872195e-12,1.23587728455690993e+00,1.19728077156685853e+00,1.45716075037683232e-13
4,-7.23314243411791041e-02,9.30492882207127267e-03,1.76949769614789150e-02,-1.30625846272240179e-02,-7.23314243458449968e-02,9.30492882201308831e-03,1.76949769614889105e-02,-1.30625846271965069e-02,-4.66589267222872195e-12,-5.81843601077380868e-14,9.99547666857836248e-15,2.75109796055161837e-14,-3.34760483897668729e-02,4.69486142304774597e-03,9.02308157703377370e-03,-6.80449156874170409e-03,-3.34760483954708726e-02,4.69486142306342179e-03,9.02308157704643024e-03,-6.80449156870868970e-03,-5.70399977251057066e-12,1.56758286906644173e-14,1.26565424807267846e-14,3.30143898330526042e-14,-5.58638357865415428e-12,-1.22544996053057056e-14,5.96865147051673914e-17,8.11300766741682876e-17,-1.17616193856416384e-13,2.79303282959701213e-14,1.25968559660216176e-14,3.29332597563784389e-14,4.66589267222872195e-12,5.70399977251057066e-12,1.22248842251786805e+00,4.66589267222872195e-12,5.70399977251057066e-12,1.22248842251786805e+00,1.19728077156685853e+00,1.17616193856416384e-13
5,-3.34760483897668729e-02,4.69486142304774597e-03,9.02308157703377370e-03,-6.80449156874170409e-03,-3.34760483954708726e-02,4.69486142306342179e-03,9.02308157704643024e-03,-6.80449156870868970e-03,-5.70399977251057066e-12,1.56758286906644173e-14,1.26565424807267846e-14,3.30143898330526042e-14,-1.43965244014186561e-02,2.15006283739015407e-03,4.15643480218433684e-03,-3.18056835840273841e-03,-1.43965244081507952e-02,2.15006283722627908e-03,4.15643480219757017e-03,-3.18056835847395879e-03,-6.73213915169945665e-12,-1.63874989966839024e-13,1.32333380364890729e-14,-7.12203733488347979e-14,-6.82928924864864037e-12,3.30156482166139971e-15,7.55766767249047611e-17,9.73596730074048653e-17,9.71500969491837226e-14,-1.67176554788500430e-13,1.31577613597641685e-14,-7.13177330218421988e-14,5.70399977251057066e-12,6.73213915169945665e-12,1.18024884645750228e+00,5.70399977251057066e-12,6.73213915169945665e-12,1.18024884645750228e+00,1.19728077156685853e+00,1.67176554788500430e-13
6,-1.43965244014186561e-02,2.15006283739015407e-03,4.15643480218433684e-03,-3.18056835840273841e-03,-1.43965244081507952e-02,2.15006283722627908e-03,4.15643480219757017e-03,-3.18056835847395879e-03,-6.73213915169945665e-12,-1.63874989966839024e-13,1.32333380364890729e-14,-7.12203733488347979e-14,-5.84041197983226415e-03,9.16379757238370792e-04,1.77845247988090219e-03,-1.37626469776714689e-03,-5.84041198784788357e-03,9.16379757244389090e-04,1.77845247993075120e-03,-1.37626469778618656e-03,-8.01561941821127277e-12,6.01829783924978656e-15,4.98490138056695287e-14,-1.90396743510179434e-14,-8.06026075784218057e-12,-3.45145327051732716e-14,7.90209263152324549e-17,-2.10029393115296339e-16,4.46413396309077957e-14,4.05328305444230582e-14,4.97699928793542955e-14,-1.88296449579026471e-14,6.73213915169945665e-12,8.01561941821127277e-12,1.19064969359520956e+00,6.73213915169945665e-12,8.01561941821127277e-12,1.19064969359520956e+00,1.19728077156685853e+00,4.97699928793542955e-14
7,-5.84041197983226415e-03,9.16379757238370792e-04,1.77845247988090219e-03,-1.37626469776714689e-03,-5.84041198784788357e-03,9.16379757244389090e-04,1.77845247993075120e-03,-1.37626469778618656e-03,-8.01561941821127277e-12,6.01829783924978656e-15,4.98490138056695287e-14,-1.90396743510179434e-14,-2.25608146066936860e-03,3.68683714736832131e-04,7.17644786353161977e-04,-5.60524482416736186e-04,-2.25608147022152150e-03,3.68683714798476506e-04,7.17644786360213845e-04,-5.60524482444898012e-04,-9.55215290546207463e-12,6.16443745007910771e-14,7.05186777028021794e-15,-2.81618261696592320e-14,-9.59694700162228506e-12,1.26754386160019545e-15,2.97666033767388060e-16,-5.61481365657934455e-17,4.47940961602104288e-14,6.03768306391908875e-14,6.75420173651282978e-15,-2.81056780330934391e-14,8.01561941821127277e-12,9.55215290546207463e-12,1.19169242039608814e+00,8.01561941821127277e-12,9.55215290546207463e-12,1.19169242039608814e+00,1.19728077156685853e+00,6.03768306391908875e-14
8,-2.25608146066936860e-03,3.68683714736832131e-04,7.17644786353161977e-04,-5.60524482416736186e-04,-2.25608147022152150e-03,3.68683714798476506e-04,7.17644786360213845e-04,-5.60524482444898012e-04,-9.55215290546207463e-12,6.16443745007910771e-14,7.05186777028021794e-15,-2.81618261696592320e-14,-8.35235923894101775e-04,1.41275411676839487e-04,2.75665408437932155e-04,-2.17042863315002602e-04,-8.35235935344852713e-04,1.41275411621711114e-04,2.75665408459361628e-04,-2.17042863381917853e-04,-1.14507509377248518e-11,-5.51283736542618197e-14,2.14294727796104922e-14,-6.69152504673836690e-14,-1.14366090007762398e-11,1.29832305724506209e-14,4.21091883184386656e-17,-8.30494278717336726e-17,-1.41419369486119110e-14,-6.81116042267124406e-14,2.13873635912920538e-14,-6.68322010395119402e-14,9.55215290546207463e-12,1.14507509377248518e-11,1.19876126890484858e+00,9.55215290546207463e-12,1.14507509377248518e-11,1.19876126890484858e+00,1.19728077156685853e+00,6.81116042267124406e-14
9,-8.35235923894101775e-04,1.41275411676839487e-04,2.75665408437932155e-04,-2.17042863315002602e-04,-8.35235935344852713e-04,1.41275411621711114e-04,2.75665408459361628e-04,-2.17042863381917853e-04,-1.14507509377248518e-11,-5.51283736542618197e-14,2.14294727796104922e-14,-6.69152504673836690e-14,-2.97898518912922342e-04,5.18837684406039389e-05,1.01451352049266978e-04,-8.04458679057910245e-05,-2.97898532469697132e-04,5.18837683970849514e-05,1.01451351965048606e-04,-8.04458679211628023e-05,-1.35567747891300605e-11,-4.35189875130394255e-14,-8.42183717512587360e-14,-1.53717777439180137e-14,-1.37097639177391368e-11,-1.16108629868295331e-14,1.27962936095385113e-16,-1.97333554781941831e-16,1.52989128609076292e-13,-3.19081245262098908e-14,-8.43463346873541262e-14,-1.51744441891360708e-14,1.14507509377248518e-11,1.35567747891300605e-11,1.18392015186242916e+00,1.14507509377248518e-11,1.35567747891300605e-11,1.18392015186242916e+00,1.19728077156685853e+00,1.52989128609076292e-13
10,-2.97898518912922342e-04,5.18837684406039389e-05,1.01451352049266978e-04,-8.04458679057910245e-05,-2.97898532469697132e-04,5.18837683970849514e-05,1.01451351965048606e-04,-8.04458679211628023e-05,-1.35567747891300605e-11,-4.35189875130394255e-14,-8.42183717512587360e-14,-1.53717777439180137e-14,-1.02887337562368743e-04,1.83554247438124242e-05,3.59567706447256862e-05,-2.86924091681501901e-05,-1.02887353788346186e-04,1.83554246587099194e-05,3.59567706260399767e-05,-2.86924091895702371e-05,-1.62259774437152962e-11,-8.51025047416027747e-14,-1.86857094467557383e-14,-2.14200469969734464e-14,-1.62312657794877712e-11,-9.16575200473709862e-15,-5.02897585642776180e-16,-4.53314830974715703e-17,5.28833577247501346e-15,-7.59367527368656761e-14,-1.81828118611129626e-14,-2.13747155138759761e-14,1.35567747891300605e-11,1.62259774437152962e-11,1.19689068352197059e+00,1.35567747891300605e-11,1.62259774437152962e-11,1.19689068352197059e+00,1.19728077156685853e+00,7.59367527368656761e-14
11,-1.02887337562368743e-04,1.83554247438124242e-05,3.59567706447256862e-05,-2.86924091681501901e-05,-1.02887353788346186e-04,1.83554246587099194e-05,3.59567706260399767e-05,-2.86924091895702371e-05,-1.62259774437152962e-11,-8.51025047416027747e-14,-1.86857094467557383e-14,-2.14200469969734464e-14,-3.46275493576347329e-05,6.28796929068736974e-06,1.23364136918359402e-05,-9.89777094655284208e-06,-3.46275687989072045e-05,6.28796920229443677e-06,1.23364137539741925e-05,-9.89777102301828908e-06,-1.94412724715533822e-11,-8.83929329742200870e-14,6.21382523072807474e-14,-7.64654469977881293e-14,-1.94270507932378903e-11,-1.79238649155102037e-14,-1.11578958027711186e-16,-6.31678726147686243e-17,-1.42216783154918326e-14,-7.04690680587098864e-14,6.22498312653084614e-14,-7.64022791251733637e-14,1.62259774437152962e-11,1.94412724715533822e-11,1.19815724747500152e+00,1.62259774437152962e-11,1.94412724715533822e-11,1.19815724747500152e+00,1.19728077156685853e+00,7.64022791251733637e-14
12,-3.46275493576347329e-05,6.28796929068736974e-06,1.23364136918359402e-05,-9.89777094655284208e-06,-3.46275687989072045e-05,6.28796920229443677e-06,1.23364137539741925e-05,-9.89777102301828908e-06,-1.94412724715533822e-11,-8.83929329742200870e-14,6.21382523072807474e-14,-7.64654469977881293e-14,-1.14578995192675121e-05,2.09949370003859462e-06,4.12368507408737724e-06,-3.32259302352380852e-06,-1.14579227499888697e-05,2.09949379449524165e-06,4.12368509606258911e-06,-3.32259292829833171e-06,-2.32307213575969800e-11,9.44566470260357546e-14,2.19752118723617017e-14,9.52254768094018544e-14,-2.32766617049829567e-11,-1.86168784917226379e-14,3.71049408954241652e-16,-2.25497153020724062e-16,4.59403473859766895e-14,1.13073525517758399e-13,2.16041624634074586e-14,9.54509739624225803e-14,1.94412724715533822e-11,2.32307213575969800e-11,1.19491773964838721e+00,1.94412724715533822e-11,2.32307213575969800e-11,1.19491773964838721e+00,1.19728077156685853e+00,1.13073525517758399e-13
13,-1.14578995192675121e-05,2.09949370003859462e-06,4.12368507408737724e-06,-3.32259302352380852e-06,-1.14579227499888697e-05,2.09949379449524165e-06,4.12368509606258911e-06,-3.32259292829833171e-06,-2.32307213575969800e-11,9.44566470260357546e-14,2.19752118723617017e-14,9.52254768094018544e-14,-3.77601727919932933e-06,6.89774793919774533e-07,1.35556245632495991e-06,-1.09488137682266729e-06,-3.77604531412284411e-06,6.89774795354689215e-07,1.35556240309274723e-06,-1.09488135167268974e-06,-2.80349235147776409e-11,1.43491468198848979e-15,-5.32322126865601578e-14,2.51499775442732025e-14,-2.78136959910784078e-11,1.98939876894016783e-14,1.31221736597323819e-16,2.80820615829032447e-16,-2.21227523699233084e-13,-1.84590730074131885e-14,-5.33634344231574846e-14,2.48691569284441684e-14,2.32307213575969800e-11,2.80349235147776409e-11,1.20680383029128691e+00,2.32307213575969800e-11,2.80349235147776409e-11,1.20680383029128691e+00,1.19728077156685853e+00,2.21227523699233084e-13
14,-3.77601727919932933e-06,6.89774793919774533e-07,1.35556245632495991e-06,-1.09488137682266729e-06,-3.77604531412284411e-06,6.89774795354689215e-07,1.35556240309274723e-06,-1.09488135167268974e-06,-2.80349235147776409e-11,1.43491468198848979e-15,-5.32322126865601578e-14,2.51499775442732025e-14,-1.26140490229655121e-06,2.26154384455178080e-07,4.44318419544537186e-07,-3.58775912229902511e-07,-1.26143821655251624e-06,2.26154308837885978e-07,4.44318412068343390e-07,-3.58775860450711688e-07,-3.33142559650304618e-11,-7.56172921024556314e-14,-7.47619379564670641e-15,5.17791908224395352e-14,-3.35656748565908356e-11,3.02214570573867120e-16,-3.17868306900551683e-16,7.41674646187943869e-17,2.51418891560373877e-13,-7.59195066730294992e-14,-7.15832548874615423e-15,5.17050233578207382e-14,2.80349235147776409e-11,3.33142559650304618e-11,1.18831271101809866e+00,2.80349235147776409e-11,3.33142559650304618e-11,1.18831271101809866e+00,1.19728077156685853e+00,2.51418891560373877e-13
15,-1.26140490229655121e-06,2.26154384455178080e-07,4.44318419544537186e-07,-3.58775912229902511e-07,-1.26143821655251624e-06,2.26154308837885978e-07,4.44318412068343390e-07,-3.58775860450711688e-07,-3.33142559650304618e-11,-7.56172921024556314e-14,-7.47619379564670641e-15,5.17791908224395352e-14,-4.35807061570083470e-07,7.54280733257703991e-08,1.47990816125640965e-07,-1.19039251885610224e-07,-4.35847103988537796e-07,7.54280359658392047e-08,1.47990694670197105e-07,-1.19039297819064545e-07,-4.00424184543259899e-11,-3.73599311944527974e-14,-1.21455443860736951e-13,-4.59334543203828778e-14,-3.98865180859874834e-11,-1.59261367575062682e-14,-4.46429885955618419e-17,1.52697206053273529e-16,-1.55900368338506507e-13,-2.14337944369465292e-14,-1.21410800872141385e-13,-4.60861515264361530e-14,3.33142559650304618e-11,4.00424184543259899e-11,1.20196046090172315e+00,3.33142559650304618e-11,4.00424184543259899e-11,1.20196046090172315e+00,1.19728077156685853e+00,1.55900368338506507e-13
16,-4.35807061570083470e-07,7.54280733257703991e-08,1.47990816125640965e-07,-1.19039251885610224e-07,-4.35847103988537796e-07,7.54280359658392047e-08,1.47990694670197105e-07,-1.19039297819064545e-07,-4.00424184543259899e-11,-3.73599311944527974e-14,-1.21455443860736951e-13,-4.59334543203828778e-14,-1.58276801642740460e-07,2.61456871919668827e-08,5.11752105765623908e-08,-4.08532315473065730e-08,-1.58324484646383988e-07,2.61456092832757555e-08,5.11753239601328631e-08,-4.08531833019851697e-08,-4.76830036435284660e-11,-7.79086911271559545e-14,1.13383570472251738e-13,4.82453214032539559e-14,-4.79420176623984272e-11,-7.86856229455692660e-15,-7.25253269691995180e-16,-1.35458087074982142e-16,2.59014018869961203e-13,-7.00401288325990264e-14,1.14108823741943721e-13,4.83807794903289374e-14,4.00424184543259899e-11,4.76830036435284660e-11,1.19081228067974054e+00,4.00424184543259899e-11,4.76830036435284660e-11,1.19081228067974054e+00,1.19728077156685853e+00,2.59014018869961203e-13
17,-1.58276801642740460e-07,2.61456871919668827e-08,5.11752105765623908e-08,-4.08532315473065730e-08,-1.58324484646383988e-07,2.61456092832757555e-08,5.11753239601328631e-08,-4.08531833019851697e-08,-4.76830036435284660e-11,-7.79086911271559545e-14,1.13383570472251738e-13,4.82453214032539559e-14,-6.07058176275458382e-08,9.57307823067298956e-09,1.86820075037603950e-08,-1.47667540808718009e-08,-6.07630832010888869e-08,9.57293851818321096e-09,1.86820370868109278e-08,-1.47668733297110506e-08,-5.72655735430487218e-11,-1.39712489778604545e-13,2.95830505327452139e-14,-1.19248839249669615e-13,-5.70899433929490799e-11,-1.64087397867703728e-14,6.77053268263889642e-16,1.42275799725832609e-16,-1.75630150099641958e-13,-1.23303749991834175e-13,2.89059972644813212e-14,-1.19391115049395457e-13,4.76830036435284660e-11,5.72655735430487218e-11,1.20096405778373816e+00,4.76830036435284660e-11,5.72655735430487218e-11,1.20096405778373816e+00,1.19728077156685853e+00,1.75630150099641958e-13
18,-6.07058176275458382e-08,9.57307823067298956e-09,1.86820075037603950e-08,-1.47667540808718009e-08,-6.07630832010888869e-08,9.57293851818321096e-09,1.86820370868109278e-08,-1.47668733297110506e-08,-5.72655735430487218e-11,-1.39712489778604545e-13,2.95830505327452139e-14,-1.19248839249669615e-13,-2.43492417452760827e-08,3.71280721562058959e-09,7.22578691128917113e-09,-5.65667481500151634e-09,-2.44177075288190305e-08,3.71308962537801154e-09,7.22568447870033249e-09,-5.65682850734156846e-09,-6.84657835429478341e-11,2.82409757421950407e-13,-1.02432588838639025e-13,-1.53692340052120439e-13,-6.85629700758400438e-11,-2.94255474783590438e-14,1.76650823086513247e-16,-3.51665684405196946e-16,9.71865328922097175e-14,3.11835304900309457e-13,-1.02609239661725541e-13,-1.53340674367715253e-13,5.72655735430487218e-11,6.84657835429478341e-11,1.19558365186859583e+00,5.72655735430487218e-11,6.84657835429478341e-11,1.19558365186859583e+00,1.19728077156685853e+00,3.11835304900309457e-13
19,-2.43492417452760827e-08,3.71280721562058959e-09,7.22578691128917113e-09,-5.65667481500151634e-09,-2.44177075288190305e-08,3.71308962537801154e-09,7.22568447870033249e-09,-5.65682850734156846e-09,-6.84657835429478341e-11,2.82409757421950407e-13,-1.02432588838639025e-13,-1.53692340052120439e-13,-1.00142593594938434e-08,1.50721980249176975e-09,2.92780693178873239e-09,-2.27595794348814329e-09,-1.00965276702277475e-08,1.50706490801798273e-09,2.92757464894337343e-09,-2.27608150127267437e-09,-8.22683107339040925e-11,-1.54894473787020126e-13,-2.32282845358960926e-13,-1.23557784531076990e-13,-8.19727661462300966e-11,5.94797339775420513e-14,-6.11661096586337516e-16,-4.53239815937369274e-16,-2.95544587673995900e-13,-2.14374207764562177e-13,-2.31671184262374582e-13,-1.23104544715139610e-13,6.84657835429478341e-11,8.22683107339040925e-11,1.20159744731904050e+00,6.84657835429478341e-11,8.22683107339040925e-11,1.20159744731904050e+00,1.19728077156685853e+00,2.95544587673995900e-13
20,-1.00142593594938434e-08,1.50721980249176975e-09,2.92780693178873239e-09,-2.27595794348814329e-09,-1.00965276702277475e-08,1.50706490801798273e-09,2.92757464894337343e-09,-2.27608150127267437e-09,-8.22683107339040925e-11,-1.54894473787020126e-13,-2.32282845358960926e-13,-1.23557784531076990e-13,-4.12060809174950382e-09,6.28063214704679824e-10,1.21896617266474795e-09,-9.44145508413588299e-10,-4.21864792883808854e-09,6.28019975125837188e-10,1.21921551437352549e-09,-9.44124038966728215e-10,-9.80398370885847181e-11,-4.32395788426359131e-14,2.49341708777540230e-13,2.14694468600841849e-14,-9.84982665509907476e-11,-3.26231011971657436e-14,-1.38704275193387205e-15,-3.64372795023507396e-16,4.58429462406029565e-13,-1.06164776454701695e-14,2.50728751529474086e-13,2.18338196551076932e-14,8.22683107339040925e-11,9.80398370885847181e-11,1.19170840161886216e+00,8.22683107339040925e-11,9.80398370885847181e-11,1.19170840161886216e+00,1.19728077156685853e+00,4.58429462406029565e-13
21,-4.12060809174950382e-09,6.28063214704679824e-10,1.21896617266474795e-09,-9.44145508413588299e-10,-4.21864792883808854e-09,6.28019975125837188e-10,1.21921551437352549e-09,-9.44124038966728215e-10,-9.80398370885847181e-11,-4.32395788426359131e-14,2.49341708777540230e-13,2.14694468600841849e-14,-1.63932999495562346e-09,2.63764118537973236e-10,5.11893336949655445e-10,-3.96202086967447608e-10,-1.75655389818559763e-09,2.63748952901568302e-10,5.12059947334552826e-10,-3.96032737422588427e-10,-1.17223903229974170e-10,-1.51656364049341703e-14,1.66610384897380868e-13,1.69349544859181165e-13,-1.17381211793709803e-10,-9.10690434473295455e-15,1.48890723884595948e-15,6.33135531662915446e-17,1.57308563735632788e-13,-6.05873206020121570e-15,1.65121477658534912e-13,1.69286231306014879e-13,9.80398370885847181e-11,1.17223903229974170e-10,1.19567623438679860e+00,9.80398370885847181e-11,1.17223903229974170e-10,1.19567623438679860e+00,1.19728077156685853e+00,1.69286231306014879e-13
22,-1.63932999495562346e-09,2.63764118537973236e-10,5.11893336949655445e-10,-3.96202086967447608e-10,-1.75655389818559763e-09,2.63748952901568302e-10,5.12059947334552826e-10,-3.96032737422588427e-10,-1.17223903229974170e-10,-1.51656364049341703e-14,1.66610384897380868e-13,1.69349544859181165e-13,-5.81623551040301731e-10,1.10122708922826760e-10,2.13793660772528336e-10,-1.65711116554825851e-10,-7.22341167087247513e-10,1.09885885172286668e-10,2.13358307891840402e-10,-1.65760397408644691e-10,-1.40717616046945783e-10,-2.36823750540091525e-13,-4.35352880687933606e-13,-4.92808538188401033e-14,-1.40349925305262204e-10,-3.19411066813054680e-15,9.94889340242489335e-16,4.99413025496409964e-16,-3.67690741683578679e-13,-2.33629639871960983e-13,-4.36347770028176081e-13,-4.97802668443365131e-14,1.17223903229974170e-10,1.40717616046945783e-10,1.20041742485643721e+00,1.17223903229974170e-10,1.40717616046945783e-10,1.20041742485643721e+00,1.19728077156685853e+00,4.36347770028176081e-13
23,-5.81623551040301731e-10,1.10122708922826760e-10,2.13793660772528336e-10,-1.65711116554825851e-10,-7.22341167087247513e-10,1.09885885172286668e-10,2.13358307891840402e-10,-1.65760397408644691e-10,-1.40717616046945783e-10,-2.36823750540091525e-13,-4.35352880687933606e-13,-4.92808538188401033e-14,-1.23375898584100731e-10,4.53999589908711784e-11,8.81284784706951825e-11,-6.84463421561631064e-11,-2.92350030915793740e-10,4.56065415914321458e-11,8.78196646198291289e-11,-6.84103204726424492e-11,-1.68974132331693008e-10,2.06582600560967396e-13,-3.08813850866053633e-13,3.60216835206572732e-14,-1.68478495913736158e-10,-4.98786366670826966e-14,-2.59964551733710216e-15,-1.45329592265384544e-16,-4.95636417956849962e-13,2.56461237228050093e-13,-3.06214205348716515e-13,3.61670131129226557e-14,1.40717616046945783e-10,1.68974132331693008e-10,1.20080297747028619e+00,1.40717616046945783e-10,1.68974132331693008e-10,1.20080297747028619e+00,1.19728077156685853e+00,4.95636417956849962e-13
24,-1.23375898584100731e-10,4.53999589908711784e-11,8.81284784706951825e-11,-6.84463421561631064e-11,-2.92350030915793740e-10,4.56065415914321458e-11,8.78196646198291289e-11,-6.84103204726424492e-11,-1.68974132331693008e-10,2.06582600560967396e-13,-3.08813850866053633e-13,3.60216835206572732e-14,8.61415829695612159e-11,1.82905967901830667e-11,3.55092825229820224e-11,-2.76885166085464237e-11,-1.14920181159376466e-10,1.81056695763427093e-11,3.51916030010207131e-11,-2.74978781902006935e-11,-2.01061764128937694e-10,-1.84927213840357433e-13,-3.17679521961309251e-13,1.90638418345730197e-13,-2.02309479532929812e-10,4.35093965517500268e-14,-1.84403636385033241e-15,1.06228203716074672e-16,1.24771540399211745e-12,-2.28436610392107466e-13,-3.15835485597458909e-13,1.90532190142014117e-13,1.68974132331693008e-10,2.01061764128937694e-10,1.18989670995473595e+00,1.68974132331693008e-10,2.01061764128937694e-10,1.18989670995473595e+00,1.19728077156685853e+00,1.24771540399211745e-12
25,8.61415829695612159e-11,1.82905967901830667e-11,3.55092825229820224e-11,-2.76885166085464237e-11,-1.14920181159376466e-10,1.81056695763427093e-11,3.51916030010207131e-11,-2.74978781902006935e-11,-2.01061764128937694e-10,-1.84927213840357433e-13,-3.17679521961309251e-13,1.90638418345730197e-13,1.96882247891695926e-10,7.33585677854611113e-12,1.41901298742654892e-11,-1.10664662275862755e-11,-4.52261939719911106e-11,6.75092989679086692e-12,1.40977043825570822e-11,-1.08147410241166618e-11,-2.42108441863687017e-10,-5.84926881755244210e-13,-9.24254917084070400e-14,2.51725203469613759e-13,-2.40727384088888203e-10,-3.89484470538253390e-14,-1.89697641120811540e-15,5.62194066485734839e-16,-1.38105777479881427e-12,-5.45978434701418846e-13,-9.05285152971989309e-14,2.51163009403128011e-13,2.01061764128937694e-10,2.42108441863687017e-10,1.20414959508873465e+00,2.01061764128937694e-10,2.42108441863687017e-10,1.20414959508873465e+00,1.19728077156685853e+00,1.38105777479881427e-12
26,1.96882247891695926e-10,7.33585677854611113e-12,1.41901298742654892e-11,-1.10664662275862755e-11,-4.52261939719911106e-11,6.75092989679086692e-12,1.40977043825570822e-11,-1.08147410241166618e-11,-2.42108441863687017e-10,-5.84926881755244210e-13,-9.24254917084070400e-14,2.51725203469613759e-13,2.72087145181719005e-10,2.73772218104677370e-12,5.28025962008804455e-12,-4.18620592842029032e-12,-1.74168699505072207e-11,2.39599986496266472e-12,5.72011175654784031e-12,-3.89718959314173048e-12,-2.89504015132226249e-10,-3.41722316084108975e-13,4.39852136459795753e-13,2.89016335278559836e-13,-2.89871782077405039e-10,-1.23194381244884554e-13,-5.51905192008293932e-16,7.42339435060156710e-16,3.67766945178790334e-13,-2.18527934839224421e-13,4.40404041651804055e-13,2.88273995843499695e-13,2.42108441863687017e-10,2.89504015132226249e-10,1.19576175412844177e+00,2.42108441863687017e-10,2.89504015132226249e-10,1.19576175412844177e+00,1.19728077156685853e+00,4.40404041651804055e-13
27,2.72087145181719005e-10,2.73772218104677370e-12,5.28025962008804455e-12,-4.18620592842029032e-12,-1.74168699505072207e-11,2.39599986496266472e-12,5.72011175654784031e-12,-3.89718959314173048e-12,-2.89504015132226249e-10,-3.41722316084108975e-13,4.39852136459795753e-13,2.89016335278559836e-13,3.39726200045847160e-10,1.24016296705351450e-12,2.37475473537038238e-12,-1.72518878477845456e-12,-7.71976202258041368e-12,6.79422539986252382e-13,2.29119466526664684e-12,-8.54998770607710622e-13,-3.47445962068427594e-10,-5.60740427067262115e-13,-8.35600701037355366e-14,8.70190014170743943e-13,-3.46617590609215270e-10,-7.19718491330446197e-14,2.62651215958876736e-15,8.52311250906353859e-16,-8.28371459212323874e-13,-4.88768577934217470e-13,-8.61865822633243008e-14,8.69337702919837596e-13,2.89504015132226249e-10,3.47445962068427594e-10,1.20014211861530584e+00,2.89504015132226249e-10,3.47445962068427594e-10,1.20014211861530584e+00,1.19728077156685853e+00,8.69337702919837596e-13
28,3.39726200045847160e-10,1.24016296705351450e-12,2.37475473537038238e-12,-1.72518878477845456e-12,-7.71976202258041368e-12,6.79422539986252382e-13,2.29119466526664684e-12,-8.54998770607710622e-13,-3.47445962068427594e-10,-5.60740427067262115e-13,-8.35600701037355366e-14,8.70190014170743943e-13,4.12208036734188963e-10,2.60859299641172606e-13,5.79303087528225247e-13,-5.17894342479801576e-13,-2.73000725104990790e-12,3.29810917283708223e-13,1.01925646993116143e-13,-3.36313280054289355e-13,-4.14938043985238858e-10,6.89516176425356179e-14,-4.77377440535109104e-13,1.81581062425512221e-13,-4.15990369543076361e-10,-1.18100350840858448e-13,-4.98966634446737053e-16,2.56619660888456447e-15,1.05232555783750286e-12,1.87051968483394066e-13,-4.76878473900662337e-13,1.79014865816627661e-13,3.47445962068427594e-10,4.14938043985238858e-10,1.19425202559562083e+00,3.47445962068427594e-10,4.14938043985238858e-10,1.19425202559562083e+00,1.19728077156685853e+00,1.05232555783750286e-12
29,4.12208036734188963e-10,2.60859299641172606e-13,5.79303087528225247e-13,-5.17894342479801576e-13,-2.73000725104990790e-12,3.29810917283708223e-13,1.01925646993116143e-13,-3.36313280054289355e-13,-4.14938043985238858e-10,6.89516176425356179e-14,-4.77377440535109104e-13,1.81581062425512221e-13,4.95030237102685991e-10,3.90401379784731205e-13,5.32103267998139971e-13,-2.46124946281454485e-13,-1.94142734686008886e-12,-3.43118051825459871e-13,-7.84721203161424523e-13,-1.04374710194224614e-12,-4.96971664449546111e-10,-7.33519431610191076e-13,-1.31682447115956460e-12,-7.97622155660791657e-13,-4.96797341455089818e-10,1.45222456622543188e-14,-2.85058897831097290e-15,5.35483858750159420e-16,-1.74322994456292609e-13,-7.48041677272445350e-13,-1.31397388218125363e-12,-7.98157639519541829e-13,4.14938043985238858e-10,4.96971664449546111e-10,1.19770088969529520e+00,4.14938043985238858e-10,4.96971664449546111e-10,1.19770088969529520e+00,1.19728077156685853e+00,1.31397388218125363e-12
30,4.95030237102685991e-10,3.90401379784731205e-13,5.32103267998139971e-13,-2.46124946281454485e-13,-1.94142734686008886e-12,-3.43118051825459871e-13,-7.84721203161424523e-13,-1.04374710194224614e-12,-4.96971664449546111e-10,-7.33519431610191076e-13,-1.31682447115956460e-12,-7.97622155660791657e-13,5.93234744293657003e-10,1.94800489977783418e-13,3.57575978581115465e-14,1.76700310370575641e-14,-1.14965614940287331e-12,1.97447238355901968e-13,-4.59949072418947330e-13,-1.87853583063433146e-13,-5.94384400443059883e-10,2.64674837811854954e-15,-4.95706670277058826e-13,-2.05523614100490716e-13,-5.95014617859018347e-10,-1.54490202667979402e-13,-7.86322311261702656e-15,-2.35219347234005040e-15,6.30217415958464189e-13,1.57136951046097951e-13,-4.87843447164441765e-13,-2.03171420628150656e-13,4.96971664449546111e-10,5.94384400443059883e-10,1.19601265617710761e+00,4.96971664449546111e-10,5.94384400443059883e-10,1.19601265617710761e+00,1.19728077156685853e+00,6.30217415958464189e-13
31,5.93234744293657003e-10,1.94800489977783418e-13,3.57575978581115465e-14,1.76700310370575641e-14,-1.14965614940287331e-12,1.97447238355901968e-13,-4.59949072418947330e-13,-1.87853583063433146e-13,-5.94384400443059883e-10,2.64674837811854954e-15,-4.95706670277058826e-13,-2.05523614100490716e-13,7.12191763236200508e-10,3.62342878717036241e-13,7.36465784194651080e-13,-4.95155670935493378e-13,9.92900878817753607e-13,9.19445640958799177e-14,-1.04657356706603222e-12,-1.75754787644105900e-12,-7.11198862357382724e-10,-2.70398314621156324e-13,-1.78303935126068331e-12,-1.26239220550556562e-12,-7.11645013569771159e-10,5.57444937006082591e-16,-2.96003927035821267e-15,-6.06090615798416714e-16,4.46151212388435596e-13,-2.70955759558162409e-13,-1.78007931199032510e-12,-1.26178611488976719e-12,5.94384400443059883e-10,7.11198862357382724e-10,1.19653016099892295e+00,5.94384400443059883e-10,7.11198862357382724e-10,1.19653016099892295e+00,1.19728077156685853e+00,1.78007931199032510e-12
32,7.12191763236200508e-10,3.62342878717036241e-13,7.36465784194651080e-13,-4.95155670935493378e-13,9.92900878817753607e-13,9.19445640958799177e-14,-1.04657356706603222e-12,-1.75754787644105900e-12,-7.11198862357382724e-10,-2.70398314621156324e-13,-1.78303935126068331e-12,-1.26239220550556562e-12,8.56056731453116713e-10,5.72138300385824878e-14,6.35041423972808895e-13,-4.34269140105661423e-13,2.30673554697996175e-12,-1.99150635496855342e-12,-4.15948015934781992e-13,-6.21393311983652530e-13,-8.53749995906136710e-10,-2.04872018500713601e-12,-1.05098943990759099e-12,-1.87124171877991108e-13,-8.51504722660719024e-10,-5.69499438279395130e-14,-1.06471565076495036e-14,-3.72280369125799076e-15,-2.24527324541768642e-12,-1.99177024117919661e-12,-1.04034228339994146e-12,-1.83401368186733107e-13,7.11198862357382724e-10,8.53749995906136710e-10,1.20043779749062796e+00,7.11198862357382724e-10,8.53749995906136710e-10,1.20043779749062796e+00,1.19728077156685853e+00,2.24527324541768642e-12
33,8.56056731453116713e-10,5.72138300385824878e-14,6.35041423972808895e-13,-4.34269140105661423e-13,2.30673554697996175e-12,-1.99150635496855342e-12,-4.15948015934781992e-13,-6.21393311983652530e-13,-8.53749995906136710e-10,-2.04872018500713601e-12,-1.05098943990759099e-12,-1.87124171877991108e-13,1.02617352773774415e-09,-5.35308660285769275e-13,-5.16505298593720561e-13,1.56166053219804671e-13,1.39452104579372418e-12,2.96177314464119321e-12,7.56820444719877502e-13,2.22829640696574211e-13,-1.02477900669195045e-09,3.49708180492696249e-12,1.27332574331359796e-12,6.66635874767695399e-14,-1.02217845382370153e-09,-4.31491222934543604e-13,-6.27582843119597027e-15,-5.51830528383208314e-16,-2.60055286824891969e-12,3.92857302786150594e-12,1.27960157174479389e-12,6.72154180051527459e-14,8.53749995906136710e-10,1.02477900669195045e-09,1.20032680715188800e+00,8.53749995906136710e-10,1.02477900669195045e-09,1.20032680715188800e+00,1.19728077156685853e+00,3.92857302786150594e-12
34,1.02617352773774415e-09,-5.35308660285769275e-13,-5.16505298593720561e-13,1.56166053219804671e-13,1.39452104579372418e-12,2.96177314464119321e-12,7.56820444719877502e-13,2.22829640696574211e-13,-1.02477900669195045e-09,3.49708180492696249e-12,1.27332574331359796e-12,6.66635874767695399e-14,1.22683995309022089e-09,-1.99490121041325344e-13,-4.81616140412104203e-13,4.56789503453391038e-13,6.82901590702802009e-12,-9.02983827054718300e-13,-2.25829222780091689e-12,-8.48951240218317684e-13,-1.22001093718319282e-09,-7.03493706013393006e-13,-1.77667608738881269e-12,-1.30574074367170872e-12,-1.22694819981765717e-09,7.36537920479765342e-13,7.60347687486170166e-15,1.96591398813039847e-16,6.93726263446434507e-12,-1.44003162649315835e-12,-1.78427956426367437e-12,-1.30593733507052173e-12,1.02477900669195045e-09,1.22001093718319282e-09,1.19051125092956678e+00,1.02477900669195045e-09,1.22001093718319282e-09,1.19051125092956678e+00,1.19728077156685853e+00,6.93726263446434507e-12
35,1.22683995309022089e-09,-1.99490121041325344e-13,-4.81616140412104203e-13,4.56789503453391038e-13,6.82901590702802009e-12,-9.02983827054718300e-13,-2.25829222780091689e-12,-8.48951240218317684e-13,-1.22001093718319282e-09,-7.03493706013393006e-13,-1.77667608738881269e-12,-1.30574074367170872e-12,1.46730747146402291e-09,-7.49234245456523339e-13,-1.18670926514623891e-12,6.21515709693121333e-13,2.39823340986755699e-13,-1.36916373930412527e-12,-3.00780296863642348e-12,9.88466114077357400e-13,-1.46706764812303605e-09,-6.19929493847601936e-13,-1.82109370349018478e-12,3.66950404384236067e-13,-1.46069563619069901e-09,-1.48166334161156286e-13,-1.06091592159490288e-14,-3.85063884200729838e-15,-6.37201193233703743e-12,-4.71763159686445625e-13,-1.81048454427423578e-12,3.70801043226243354e-13,1.22001093718319282e-09,1.46706764812303605e-09,1.20250368534421259e+00,1.22001093718319282e-09,1.46706764812303605e-09,1.20250368534421259e+00,1.19728077156685853e+00,6.37201193233703743e-12
36,1.46730747146402291e-09,-7.49234245456523339e-13,-1.18670926514623891e-12,6.21515709693121333e-13,2.39823340986755699e-13,-1.36916373930412527e-12,-3.00780296863642348e-12,9.88466114077357400e-13,-1.46706764812303605e-09,-6.19929493847601936e-13,-1.82109370349018478e-12,3.66950404384236067e-13,1.75415710989425387e-09,-8.57929753552981673e-13,-1.49753073043147227e-12,7.94131254084311190e-13,9.95329809061161043e-13,1.94565605196675615e-12,-8.35738618603497187e-13,-6.18259234232074959e-12,-1.75316178008519262e-09,2.80358580551973803e-12,6.61792111827975083e-13,-6.97672359640506038e-12,-1.75649188568552471e-09,-1.30566456752395715e-13,-1.08743924593957451e-14,1.08213938108335667e-15,3.33010560033209940e-12,2.93415226227213362e-12,6.72666504287370818e-13,-6.97780573578614407e-12,1.46706764812303605e-09,1.75316178008519262e-09,1.19501086560540326e+00,1.46706764812303605e-09,1.75316178008519262e-09,1.19501086560540326e+00,1.19728077156685853e+00,6.97780573578614407e-12
37,1.75415710989425387e-09,-8.57929753552981673e-13,-1.49753073043147227e-12,7.94131254084311190e-13,9.95329809061161043e-13,1.94565605196675615e-12,-8.35738618603497187e-13,-6.18259234232074959e-12,-1.75316178008519262e-09,2.80358580551973803e-12,6.61792111827975083e-13,-6.97672359640506038e-12,2.09803252510876186e-09,-1.99492696136755958e-12,-2.84493480489392445e-12,1.04609311218454633e-12,-3.90460071011509143e-14,-5.28358010069507127e-12,-5.33138086140774066e-12,7.66289375624047997e-13,-2.09807157111586307e-09,-3.28865313932751170e-12,-2.48644605651381621e-12,-2.79803736560498333e-13,-2.09902688874192606e-09,5.90477253398772805e-13,3.95179398883057321e-15,-2.05744080518793831e-14,9.55317626062988333e-13,-3.87913039272628430e-12,-2.49039785050264666e-12,-2.59229328508618957e-13,1.75316178008519262e-09,2.09807157111586307e-09,1.19673586028889467e+00,1.75316178008519262e-09,2.09807157111586307e-09,1.19673586028889467e+00,1.19728077156685853e+00,3.87913039272628430e-12
38,2.09803252510876186e-09,-1.99492696136755958e-12,-2.84493480489392445e-12,1.04609311218454633e-12,-3.90460071011509143e-14,-5.28358010069507127e-12,-5.33138086140774066e-12,7.66289375624047997e-13,-2.09807157111586307e-09,-3.28865313932751170e-12,-2.48644605651381621e-12,-2.79803736560498333e-13,2.51330831986632249e-09,1.26561290144849277e-13,1.01441574998111500e-12,-6.14404721020079541e-13,-3.11861904172410619e-13,-1.20340891603771855e-11,3.86003067200800619e-12,-4.83453019135242660e-13,-2.51362018177049472e-09,-1.21606504505220355e-11,2.84561492202689118e-12,1.30951701884836881e-13,-2.51198074946809110e-09,-6.92639714920859982e-13,-1.48474459034303398e-14,-8.25143231043665584e-16,-1.63943230240362422e-12,-1.14680107356011755e-11,2.86046236793032143e-12,1.31776845115880538e-13,2.09807157111586307e-09,2.51362018177049472e-09,1.19806217117446634e+00,2.09807157111586307e-09,2.51362018177049472e-09,1.19806217117446634e+00,1.19728077156685853e+00,1.14680107356011755e-11
39,2.51330831986632249e-09,1.26561290144849277e-13,1.01441574998111500e-12,-6.14404721020079541e-13,-3.11861904172410619e-13,-1.20340891603771855e-11,3.86003067200800619e-12,-4.83453019135242660e-13,-2.51362018177049472e-09,-1.21606504505220355e-11,2.84561492202689118e-12,1.30951701884836881e-13,3.00840512099615679e-09,4.67956811633943247e-14,1.10711026898687544e-12,-5.40423828451657705e-13,-3.28710729416586462e-12,-5.81169204020161249e-12,3.62262068429142473e-12,2.76445473434659233e-12,-3.01169222829032249e-09,-5.85848772136500641e-12,2.51551041530454929e-12,3.30487856279825024e-12,-3.00950911065620470e-09,-2.56121552029174986e-12,1.69921698104427160e-14,3.86177510465654880e-16,-2.18311763411779049e-12,-3.29727220107325655e-12,2.49851824549410642e-12,3.30449238528778457e-12,2.51362018177049472e-09,3.01169222829032249e-09,1.19814928688589917e+00,2.51362018177049472e-09,3.01169222829032249e-09,1.19814928688589917e+00,1.19728077156685853e+00,3.30449238528778457e-12
40,3.00840512099615679e-09,4.67956811633943247e-14,1.10711026898687544e-12,-5.40423828451657705e-13,-3.28710729416586462e-12,-5.81169204020161249e-12,3.62262068429142473e-12,2.76445473434659233e-12,-3.01169222829032249e-09,-5.85848772136500641e-12,2.51551041530454929e-12,3.30487856279825024e-12,3.60015967768816536e-09,8.65902858123837434e-13,6.06121387855526952e-13,-8.08660002885240721e-14,8.54396278086777073e-13,1.15033645645956788e-11,-1.56002411812561577e-12,6.69718913962620472e-12,-3.59930528141007878e-09,1.06374617064718417e-11,-2.16614550598114292e-12,6.77805513991472875e-12,-3.60584119480934818e-09,-1.23388545197058687e-12,1.50209994352806698e-14,9.74611064539758432e-15,6.53591339926940293e-12,1.18713471584424290e-11,-2.18116650541642357e-12,6.76830902926933128e-12,3.01169222829032249e-09,3.59930528141007878e-09,1.19511059184601098e+00,3.01169222829032249e-09,3.59930528141007878e-09,1.19511059184601098e+00,1.19728077156685853e+00,1.18713471584424290e-11
41,3.60015967768816536e-09,8.65902858123837434e-13,6.06121387855526952e-13,-8.08660002885240721e-14,8.54396278086777073e-13,1.15033645645956788e-11,-1.56002411812561577e-12,6.69718913962620472e-12,-3.59930528141007878e-09,1.06374617064718417e-11,-2.16614550598114292e-12,6.77805513991472875e-12,4.29515172171137363e-09,-1.70812372012127009e-13,-1.72105297527165201e-12,2.08426727810135175e-12,-1.81104359770587360e-11,3.65502380537778882e-12,5.46540172615486844e-12,1.30670556878369422e-11,-4.31326215768843236e-09,3.82583617738991623e-12,7.18645470142652005e-12,1.09827884097355905e-11,-4.30937900443132726e-09,2.24040910722462781e-12,-1.29348184066807858e-14,1.99885333451652853e-14,-3.88315325710510011e-12,1.58542707016528842e-12,7.19938951983320110e-12,1.09627998763904244e-11,3.59930528141007878e-09,4.31326215768843236e-09,1.19835963344533281e+00,3.59930528141007878e-09,4.31326215768843236e-09,1.19835963344533281e+00,1.19728077156685853e+00,1.09627998763904244e-11
42,4.29515172171137363e-09,-1.70812372012127009e-13,-1.72105297527165201e-12,2.08426727810135175e-12,-1.81104359770587360e-11,3.65502380537778882e-12,5.46540172615486844e-12,1.30670556878369422e-11,-4.31326215768843236e-09,3.82583617738991623e-12,7.18645470142652005e-12,1.09827884097355905e-11,5.15121665412195234e-09,3.73192459059817786e-12,5.22992181612036257e-12,-2.69074551488724835e-12,-1.21287308403657630e-11,3.91788515374229354e-12,7.14657249479949503e-12,-1.50820874713389133e-11,-5.16334538496231776e-09,1.85960563144115677e-13,1.91665067867913246e-12,-1.23913419564516658e-11,-5.16418584412733824e-09,8.05778526033043655e-13,4.29128543277085980e-14,3.23883219919713529e-14,8.40459165020471183e-13,-6.19817962888927978e-13,1.87373782435142376e-12,-1.24237302784436367e-11,4.31326215768843236e-09,5.16334538496231776e-09,1.19708591692220789e+00,4.31326215768843236e-09,5.16334538496231776e-09,1.19708591692220789e+00,1.19728077156685853e+00,1.24237302784436367e-11
43,5.15121665412195234e-09,3.73192459059817786e-12,5.22992181612036257e-12,-2.69074551488724835e-12,-1.21287308403657630e-11,3.91788515374229354e-12,7.14657249479949503e-12,-1.50820874713389133e-11,-5.16334538496231776e-09,1.85960563144115677e-13,1.91665067867913246e-12,-1.23913419564516658e-11,6.17953582669522421e-09,2.48046424605473354e-12,4.43751103221887945e-12,-2.73332935832299687e-12,5.86388336284985880e-12,2.15515093811181079e-11,1.22402101385539881e-11,-9.23307130627175843e-12,-6.17367194333237423e-09,1.90710451350633760e-11,7.80269910633510868e-12,-6.49974194794876156e-12,-6.18197414637386062e-09,3.91660859281138980e-14,1.14449968431492252e-14,-3.65421565294312088e-14,8.30220304148638900e-12,1.90318790491352620e-11,7.79125410949195881e-12,-6.46319979141933002e-12,5.16334538496231776e-09,6.17367194333237423e-09,1.19567285994706518e+00,5.16334538496231776e-09,6.17367194333237423e-09,1.19567285994706518e+00,1.19728077156685853e+00,1.90318790491352620e-11
44,6.17953582669522421e-09,2.48046424605473354e-12,4.43751103221887945e-12,-2.73332935832299687e-12,5.86388336284985880e-12,2.15515093811181079e-11,1.22402101385539881e-11,-9.23307130627175843e-12,-6.17367194333237423e-09,1.90710451350633760e-11,7.80269910633510868e-12,-6.49974194794876156e-12,7.40123353372484879e-09,1.28189279675217257e-12,2.46166521740852935e-12,-9.87736250051639260e-13,-1.12809544253050225e-11,-1.70345644773968889e-11,-2.00903887527470103e-11,-1.27150838480781216e-11,-7.41251448815015368e-09,-1.83164572741490627e-11,-2.25520539701555389e-11,-1.17273475980264827e-11,-7.39161870771365046e-09,4.01664836818099296e-12,4.65926669024484629e-14,-1.91677857408486437e-14,-2.08957804365032291e-11,-2.23331056423300549e-11,-2.25986466370579876e-11,-1.17081798122856340e-11,6.17367194333237423e-09,7.41251448815015368e-09,1.20066543155985817e+00,6.17367194333237423e-09,7.41251448815015368e-09,1.20066543155985817e+00,1.19728077156685853e+00,2.25986466370579876e-11
45,7.40123353372484879e-09,1.28189279675217257e-12,2.46166521740852935e-12,-9.87736250051639260e-13,-1.12809544253050225e-11,-1.70345644773968889e-11,-2.00903887527470103e-11,-1.27150838480781216e-11,-7.41251448815015368e-09,-1.83164572741490627e-11,-2.25520539701555389e-11,-1.17273475980264827e-11,8.85769166296739195e-09,-2.82790021708088404e-12,-1.74010197907160770e-12,1.27469800854335120e-13,2.75685210305898248e-11,2.79937366655547521e-12,2.09234697675326086e-11,-1.74331593956967088e-12,-8.83012314193680291e-09,5.62727388363635925e-12,2.26635717466042147e-11,-1.87078574042400583e-12,-8.87486106562293171e-09,-3.85772083805742757e-12,-1.34666264106528470e-13,-3.45840323919886844e-14,4.47379236861288070e-11,9.48499472169378763e-12,2.27982380107107438e-11,-1.83620170803201701e-12,7.41251448815015368e-09,8.83012314193680291e-09,1.19124531305171510e+00,7.41251448815015368e-09,8.83012314193680291e-09,1.19124531305171510e+00,1.19728077156685853e+00,4.47379236861288070e-11
46,8.85769166296739195e-09,-2.82790021708088404e-12,-1.74010197907160770e-12,1.27469800854335120e-13,2.75685210305898248e-11,2.79937366655547521e-12,2.09234697675326086e-11,-1.74331593956967088e-12,-8.83012314193680291e-09,5.62727388363635925e-12,2.26635717466042147e-11,-1.87078574042400583e-12,1.06178263129099654e-08,6.78413761931348352e-13,3.75236243593686509e-12,-2.50564314312594818e-12,6.94562674756015798e-12,2.14734613226650533e-12,-1.87914756512761508e-12,-6.35156477013710694e-13,-1.06108806861624048e-08,1.46893237033515698e-12,-5.63151000106447977e-12,1.87048666611223728e-12,-1.05721366484084665e-08,1.18518834714825342e-12,1.35332176060964384e-13,-5.51696060038180977e-15,-3.87440377539383035e-11,2.83744023186903564e-13,-5.76684217712544395e-12,1.87600362671261905e-12,8.83012314193680291e-09,1.06108806861624048e-08,1.20166848362151035e+00,8.83012314193680291e-09,1.06108806861624048e-08,1.20166848362151035e+00,1.19728077156685853e+00,3.87440377539383035e-11
47,1.06178263129099654e-08,6.78413761931348352e-13,3.75236243593686509e-12,-2.50564314312594818e-12,6.94562674756015798e-12,2.14734613226650533e-12,-1.87914756512761508e-12,-6.35156477013710694e-13,-1.06108806861624048e-08,1.46893237033515698e-12,-5.63151000106447977e-12,1.87048666611223728e-12,1.26993611465337826e-08,2.15572312313644792e-12,3.50658646409739833e-12,5.61515959410587148e-13,5.21452960881849440e-11,4.82711072004342354e-12,6.38629755275244688e-12,-2.56682772231982457e-11,-1.26472158504455981e-08,2.67138759690697562e-12,2.87971108865504855e-12,-2.62297931826088343e-11,-1.27042034149323995e-08,3.09379206356502570e-13,-3.36277313864851174e-14,5.51607862808591238e-15,5.69875644868014687e-11,2.36200839055047310e-12,2.91333882004153358e-12,-2.62353092612369186e-11,1.06108806861624048e-08,1.26472158504455981e-08,1.19191009912483215e+00,1.06108806861624048e-08,1.26472158504455981e-08,1.19191009912483215e+00,1.19728077156685853e+00,5.69875644868014687e-11
48,1.26993611465337826e-08,2.15572312313644792e-12,3.50658646409739833e-12,5.61515959410587148e-13,5.21452960881849440e-11,4.82711072004342354e-12,6.38629755275244688e-12,-2.56682772231982457e-11,-1.26472158504455981e-08,2.67138759690697562e-12,2.87971108865504855e-12,-2.62297931826088343e-11,1.51863127702598013e-08,3.13474695445197492e-12,-3.52880344488442150e-12,4.73651954320029207e-12,-2.58213262022132550e-11,-2.68096731855806468e-11,7.55299048363314429e-12,1.15911306891603253e-11,-1.52121340964620151e-08,-2.99444201400326249e-11,1.10817939285175658e-11,6.85461114596003320e-12,-1.51422683515941056e-08,5.62634326325802066e-13,1.71957700406587302e-14,-7.73518487006527523e-14,-6.98657448679094469e-11,-3.05070544663584247e-11,1.10645981584769066e-11,6.93196299466068606e-12,1.26472158504455981e-08,1.52121340964620151e-08,1.20280497117680230e+00,1.26472158504455981e-08,1.52121340964620151e-08,1.20280497117680230e+00,1.19728077156685853e+00,6.98657448679094469e-11
49,1.51863127702598013e-08,3.13474695445197492e-12,-3.52880344488442150e-12,4.73651954320029207e-12,-2.58213262022132550e-11,-2.68096731855806468e-11,7.55299048363314429e-12,1.15911306891603253e-11,-1.52121340964620151e-08,-2.99444201400326249e-11,1.10817939285175658e-11,6.85461114596003320e-12,1.81933507790727694e-08,-7.68199702639585161e-13,2.05857895485195036e-12,-1.47848866334134318e-12,3.68047607982867280e-11,-2.49146205721852436e-11,-1.52985902462111092e-11,-2.81765255210448649e-13,-1.81565460182744836e-08,-2.41464208695456596e-11,-1.73571692010630591e-11,1.19672340813089453e-12,-1.82131956481905550e-08,-6.30674435720632634e-12,6.61732980032229668e-14,2.02142975574683016e-14,5.66496299160713720e-11,-1.78396765123393349e-11,-1.74233424990662813e-11,1.17650911057342617e-12,1.52121340964620151e-08,1.81565460182744836e-08,1.19355679506514933e+00,1.52121340964620151e-08,1.81565460182744836e-08,1.19355679506514933e+00,1.19728077156685853e+00,5.66496299160713720e-11
50,1.81933507790727694e-08,-7.68199702639585161e-13,2.05857895485195036e-12,-1.47848866334134318e-12,3.68047607982867280e-11,-2.49146205721852436e-11,-1.52985902462111092e-11,-2.81765255210448649e-13,-1.81565460182744836e-08,-2.41464208695456596e-11,-1.73571692010630591e-11,1.19672340813089453e-12,2.17378983049112209e-08,-9.39100499601177890e-12,-1.71506165864265420e-11,1.10944619043144427e-11,1.07195414896101105e-11,-6.38449224892590508e-11,1.50991880560973742e-11,5.79326088201190302e-12,-2.17271787634216108e-08,-5.44539174932472719e-11,3.22498046425239162e-11,-5.30120102230253964e-12,-2.17384834257488431e-08,-5.08559868094244058e-12,-1.03645775895415644e-13,3.52914593560907015e-15,1.13046623272323583e-11,-4.93683188123048338e-11,3.23534504184193330e-11,-5.30473016823814893e-12,1.81565460182744836e-08,2.17271787634216108e-08,1.19665814971378914e+00,1.81565460182744836e-08,2.17271787634216108e-08,1.19665814971378914e+00,1.19728077156685853e+00,4.93683188123048338e-11
51,2.17378983049112209e-08,-9.39100499601177890e-12,-1.71506165864265420e-11,1.10944619043144427e-11,1.07195414896101105e-11,-6.38449224892590508e-11,1.50991880560973742e-11,5.79326088201190302e-12,-2.17271787634216108e-08,-5.44539174932472719e-11,3.22498046425239162e-11,-5.30120102230253964e-12,2.59756809627097696e-08,6.00740910660218288e-13,2.49660294693197840e-12,2.14823693582691532e-12,-1.38859770505987165e-10,4.23214021806605793e-11,1.45621142933061912e-11,-2.10600912373537676e-11,-2.61145407332157552e-08,4.17206612700003592e-11,1.20655113463742124e-11,-2.32083281731806826e-11,-2.60135333538404836e-08,-1.14688123955083508e-11,1.92574951936589440e-13,-1.56332799330180271e-14,-1.01007379375271592e-10,5.31894736655087100e-11,1.18729363944376228e-11,-2.31926948932476643e-11,2.17271787634216108e-08,2.61145407332157552e-08,1.20192966687328995e+00,2.17271787634216108e-08,2.61145407332157552e-08,1.20192966687328995e+00,1.19728077156685853e+00,1.01007379375271592e-10
52,2.59756809627097696e-08,6.00740910660218288e-13,2.49660294693197840e-12,2.14823693582691532e-12,-1.38859770505987165e-10,4.23214021806605793e-11,1.45621142933061912e-11,-2.10600912373537676e-11,-2.61145407332157552e-08,4.17206612700003592e-11,1.20655113463742124e-11,-2.32083281731806826e-11,3.11802264015855047e-08,-1.33010495935044822e-12,-2.11413816279872960e-12,-3.79151030915802679e-12,2.93968802475270050e-13,2.68303390639611863e-11,-8.67752233449780639e-11,-1.65692780334304309e-11,-3.11799324327830307e-08,2.81604440233116337e-11,-8.46610851821793384e-11,-1.27777677242724041e-11,-3.12664374781787065e-08,8.78699750447746059e-12,7.20474214766141554e-14,-6.84415266620266999e-14,8.65050453956757419e-11,1.93734465188341747e-11,-8.47331326036559508e-11,-1.27093261976103780e-11,2.61145407332157552e-08,3.11799324327830307e-08,1.19396824747235453e+00,2.61145407332157552e-08,3.11799324327830307e-08,1.19396824747235453e+00,1.19728077156685853e+00,8.65050453956757419e-11
53,3.11802264015855047e-08,-1.33010495935044822e-12,-2.11413816279872960e-12,-3.79151030915802679e-12,2.93968802475270050e-13,2.68303390639611863e-11,-8.67752233449780639e-11,-1.65692780334304309e-11,-3.11799324327830307e-08,2.81604440233116337e-11,-8.46610851821793384e-11,-1.27777677242724041e-11,3.73543289927642679e-08,3.46683239813020638e-11,4.94361185633541035e-11,-1.91259214805799615e-11,-5.64821871131245719e-11,3.80596530517371575e-11,1.31252580435658744e-11,1.52012224691686468e-12,-3.74108111798773916e-08,3.39132907043509365e-12,-3.63108605197882324e-11,2.06460437274968262e-11,-3.73311335605249772e-08,5.93101220894944824e-12,-5.05541183600228693e-13,-3.76817288973262708e-14,-7.96776193524143855e-11,-2.53968313851435459e-12,-3.58053193361880010e-11,2.06837254563941515e-11,3.11799324327830307e-08,3.74108111798773916e-08,1.19983618503749945e+00,3.11799324327830307e-08,3.74108111798773916e-08,1.19983618503749945e+00,1.19728077156685853e+00,7.96776193524143855e-11
54,3.73543289927642679e-08,3.46683239813020638e-11,4.94361185633541035e-11,-1.91259214805799615e-11,-5.64821871131245719e-11,3.80596530517371575e-11,1.31252580435658744e-11,1.52012224691686468e-12,-3.74108111798773916e-08,3.39132907043509365e-12,-3.63108605197882324e-11,2.06460437274968262e-11,4.49245651791100043e-08,1.42773277583637573e-11,3.57069175993211849e-11,-2.97223032169877825e-11,1.37470400844635845e-10,1.14641363880773951e-10,-6.67498705789051222e-11,-4.69981792793396762e-11,-4.47870947782653659e-08,1.00364036122410200e-10,-1.02456788178226307e-10,-1.72758760623518937e-11,-4.47912448743856517e-08,7.14264807212025669e-13,-2.16824948147257179e-13,6.08853314076171220e-14,4.15009612028579716e-12,9.96497713151981708e-11,-1.02239963230079045e-10,-1.73367613937595101e-11,3.74108111798773916e-08,4.47870947782653659e-08,1.19716983849726155e+00,3.74108111798773916e-08,4.47870947782653659e-08,1.19716983849726155e+00,1.19728077156685853e+00,1.02239963230079045e-10
55,4.49245651791100043e-08,1.42773277583637573e-11,3.57069175993211849e-11,-2.97223032169877825e-11,1.37470400844635845e-10,1.14641363880773951e-10,-6.67498705789051222e-11,-4.69981792793396762e-11,-4.47870947782653659e-08,1.00364036122410200e-10,-1.02456788178226307e-10,-1.72758760623518937e-11,5.38152102577567679e-08,-2.74506085473371524e-12,-2.27636478668941686e-12,-4.52998024453749007e-12,1.26606235704291941e-10,1.11728247686748558e-10,-1.37318869730712674e-10,-1.14587868694690796e-10,-5.36886040220524744e-08,1.14473308541482268e-10,-1.35042504944023264e-10,-1.10057888450153306e-10,-5.36227273923595698e-08,2.11381725049751707e-11,-6.11805599373550515e-13,-5.09466827299383514e-14,-6.58766296929045085e-11,9.33351360365070939e-11,-1.34430699344649705e-10,-1.10006941767423368e-10,4.47870947782653659e-08,5.36886040220524744e-08,1.19875165575836595e+00,4.47870947782653659e-08,5.36886040220524744e-08,1.19875165575836595e+00,1.19728077156685853e+00,1.34430699344649705e-10
56,5.38152102577567679e-08,-2.74506085473371524e-12,-2.27636478668941686e-12,-4.52998024453749007e-12,1.26606235704291941e-10,1.11728247686748558e-10,-1.37318869730712674e-10,-1.14587868694690796e-10,-5.36886040220524744e-08,1.14473308541482268e-10,-1.35042504944023264e-10,-1.10057888450153306e-10,6.43379212785577909e-08,-1.28565949489869254e-11,-3.56016405413812858e-11,1.92931122455246787e-11,1.94082276541633974e-11,2.00535606525487444e-10,1.61471554452414666e-10,1.21227462330116874e-10,-6.43185130509036249e-08,2.13392201474474363e-10,1.97073194993795952e-10,1.01934350084592189e-10,-6.42803332478705146e-08,2.41097970613080457e-11,-8.06386401010975865e-13,-3.24561504409957723e-13,-3.81798030331103212e-11,1.89282404413166308e-10,1.97879581394806925e-10,1.02258911589002152e-10,5.36886040220524744e-08,6.43185130509036249e-08,1.19799190577734027e+00,5.36886040220524744e-08,6.43185130509036249e-08,1.19799190577734027e+00,1.19728077156685853e+00,1.97879581394806925e-10
57,6.43379212785577909e-08,-1.28565949489869254e-11,-3.56016405413812858e-11,1.92931122455246787e-11,1.94082276541633974e-11,2.00535606525487444e-10,1.61471554452414666e-10,1.21227462330116874e-10,-6.43185130509036249e-08,2.13392201474474363e-10,1.97073194993795952e-10,1.01934350084592189e-10,7.66876782230371834e-08,-1.63658786585988863e-11,-5.37956780780093458e-11,5.14034013008060750e-11,-1.77433775733008313e-10,-1.79207218516087268e-10,9.61728096930425765e-11,2.13372385404163636e-10,-7.68651119987701906e-08,-1.62841339857488388e-10,1.49968487771051922e-10,1.61968984103357554e-10,-7.70073189316189392e-08,4.49436007185113680e-11,1.17679351780874065e-12,3.00605131357673768e-13,1.42206932848748654e-10,-2.07784940575999763e-10,1.48791694253243173e-10,1.61668378971999882e-10,6.43185130509036249e-08,7.68651119987701906e-08,1.19506979177110018e+00,6.43185130509036249e-08,7.68651119987701906e-08,1.19506979177110018e+00,1.19728077156685853e+00,2.07784940575999763e-10
58,7.66876782230371834e-08,-1.63658786585988863e-11,-5.37956780780093458e-11,5.14034013008060750e-11,-1.77433775733008313e-10,-1.79207218516087268e-10,9.61728096930425765e-11,2.13372385404163636e-10,-7.68651119987701906e-08,-1.62841339857488388e-10,1.49968487771051922e-10,1.61968984103357554e-10,9.19170921320930987e-08,1.26920008612462508e-11,2.29835983249735203e-11,-2.57319832524710993e-11,-4.02906249546923970e-10,1.79366949589573641e-10,2.78740371115333120e-10,-9.90924128599803144e-11,-9.23199983816400265e-08,1.66674948728327403e-10,2.55756772790359626e-10,-7.33604296075092183e-11,-9.20291206004605528e-08,-3.42968304767117667e-11,8.95514706046700552e-13,4.77647698757617103e-13,-2.90877781179473701e-10,2.00971779205039157e-10,2.54861258084312945e-10,-7.38380773062668354e-11,7.68651119987701906e-08,9.23199983816400265e-08,1.20106503433075207e+00,7.68651119987701906e-08,9.23199983816400265e-08,1.20106503433075207e+00,1.19728077156685853e+00,2.90877781179473701e-10
59,9.19170921320930987e-08,1.26920008612462508e-11,2.29835983249735203e-11,-2.57319832524710993e-11,-4.02906249546923970e-10,1.79366949589573641e-10,2.78740371115333120e-10,-9.90924128599803144e-11,-9.23199983816400265e-08,1.66674948728327403e-10,2.55756772790359626e-10,-7.33604296075092183e-11,1.09938215353402448e-07,1.71087888248027020e-11,-8.47676364865463315e-12,2.06744220501328173e-11,-2.93224174789551535e-10,4.07963827514425457e-10,-3.55310013957079259e-10,1.25390034871654779e-11,-1.10231439528192005e-07,3.90855038689622777e-10,-3.46833250308424613e-10,-8.13541856296733934e-12,-1.10532958893421085e-07,3.51042460486559031e-11,1.52721384744816772e-12,-2.16340434410186340e-13,3.01519365229079785e-10,3.55750792640966880e-10,-3.48360464155872760e-10,-7.91907812855715325e-12,9.23199983816400265e-08,1.10231439528192005e-07,1.19401474718953282e+00,9.23199983816400265e-08,1.10231439528192005e-07,1.19401474718953282e+00,1.19728077156685853e+00,3.55750792640966880e-10
60,1.09938215353402448e-07,1.71087888248027020e-11,-8.47676364865463315e-12,2.06744220501328173e-11,-2.93224174789551535e-10,4.07963827514425457e-10,-3.55310013957079259e-10,1.25390034871654779e-11,-1.10231439528192005e-07,3.90855038689622777e-10,-3.46833250308424613e-10,-8.13541856296733934e-12,1.31870650563803954e-07,1.43194010623641953e-11,4.57973152801653114e-11,-4.23089917063660951e-11,7.85484509753855546e-11,6.50630361054129382e-11,-2.90539453292724666e-10,1.25059136644383725e-10,-1.31792102112828566e-07,5.07436350430487429e-11,-3.36336768572889984e-10,1.67368128350749826e-10,-1.31977982969239215e-07,8.23199380122894962e-11,-2.07106360018337067e-12,-2.39914078398593708e-14,1.85880856410648140e-10,-3.15763029692407533e-11,-3.34265704972706628e-10,1.67392119758589677e-10,1.10231439528192005e-07,1.31792102112828566e-07,1.19559449352126412e+00,1.10231439528192005e-07,1.31792102112828566e-07,1.19559449352126412e+00,1.19728077156685853e+00,3.34265704972706628e-10
61,1.31870650563803954e-07,1.43194010623641953e-11,4.57973152801653114e-11,-4.23089917063660951e-11,7.85484509753855546e-11,6.50630361054129382e-11,-2.90539453292724666e-10,1.25059136644383725e-10,-1.31792102112828566e-07,5.07436350430487429e-11,-3.36336768572889984e-10,1.67368128350749826e-10,1.57929781489000920e-07,2.00157692081944352e-11,2.07313117848360510e-11,-6.54015637124531552e-12,3.04030154328885416e-11,-3.99807315352778955e-10,4.55274880641048478e-10,5.37373778119762490e-11,-1.57899378473568019e-07,-4.19823084560973368e-10,4.34543568856212401e-10,6.02775341832215613e-11,-1.57792149704065564e-07,1.06873712189217293e-11,-2.00838540761352935e-12,4.93569813965684860e-13,-1.07228769502455361e-10,-4.30510455779895097e-10,4.36551954263825933e-10,5.97839643692558811e-11,1.31792102112828566e-07,1.57899378473568019e-07,1.19809439216918134e+00,1.31792102112828566e-07,1.57899378473568019e-07,1.19809439216918134e+00,1.19728077156685853e+00,4.36551954263825933e-10
62,1.57929781489000920e-07,2.00157692081944352e-11,2.07313117848360510e-11,-6.54015637124531552e-12,3.04030154328885416e-11,-3.99807315352778955e-10,4.55274880641048478e-10,5.37373778119762490e-11,-1.57899378473568019e-07,-4.19823084560973368e-10,4.34543568856212401e-10,6.02775341832215613e-11,1.88973898072863927e-07,1.06936814864070623e-10,4.29435232347733035e-11,1.40179366758462405e-11,-1.11411795522964885e-10,-3.87919477589570776e-11,-3.71644203007561722e-12,-4.13478073790717737e-11,-1.89085309868386897e-07,-1.45728762623027700e-10,-4.66599652648489208e-11,-5.53657440549180175e-11,-1.89049889688760907e-07,-8.84210432928085513e-11,2.59481283109844151e-12,1.77758881731496566e-13,-3.54201796259905375e-11,-5.73077193302191491e-11,-4.92547780959473643e-11,-5.55435029366495156e-11,1.57899378473568019e-07,1.89085309868386897e-07,1.19750509277678585e+00,1.57899378473568019e-07,1.89085309868386897e-07,1.19750509277678585e+00,1.19728077156685853e+00,5.73077193302191491e-11
63,1.88973898072863927e-07,1.06936814864070623e-10,4.29435232347733035e-11,1.40179366758462405e-11,-1.11411795522964885e-10,-3.87919477589570776e-11,-3.71644203007561722e-12,-4.13478073790717737e-11,-1.89085309868386897e-07,-1.45728762623027700e-10,-4.66599652648489208e-11,-5.53657440549180175e-11,2.26242209461942056e-07,-6.51789530079310444e-11,-1.17104257398403900e-10,4.72677426762699858e-11,-9.26248762878737258e-11,-3.98106381743675780e-10,-6.15671744994169538e-10,1.20009165346876468e-10,-2.26334834338229919e-07,-3.32927428735744736e-10,-4.98567487595765689e-10,7.27414226706064823e-11,-2.26388205691180742e-07,-3.06926648456529055e-11,-2.78623100754944380e-13,-1.63273977324937794e-13,5.33713529508235355e-11,-3.02234763890091824e-10,-4.98288864495010737e-10,7.29046966479314251e-11,1.89085309868386897e-07,2.26334834338229919e-07,1.19699851086142339e+00,1.89085309868386897e-07,2.26334834338229919e-07,1.19699851086142339e+00,1.19728077156685853e+00,4.98288864495010737e-10
64,2.26242209461942056e-07,-6.51789530079310444e-11,-1.17104257398403900e-10,4.72677426762699858e-11,-9.26248762878737258e-11,-3.98106381743675780e-10,-6.15671744994169538e-10,1.20009165346876468e-10,-2.26334834338229919e-07,-3.32927428735744736e-10,-4.98567487595765689e-10,7.27414226706064823e-11,2.71051720894081314e-07,3.60346158152654496e-11,1.28844820098324951e-10,-6.46279498675438592e-11,3.40793930934770496e-10,-8.43175281837410135e-10,5.21885876644749565e-12,-6.69406678670743259e-10,-2.70710926963146544e-07,-8.79209897652675533e-10,-1.23625961331877455e-10,-6.04778728803199400e-10,-2.70986345088932950e-07,-7.01195138432919931e-11,-2.97712221903824580e-12,2.14514978502295240e-13,2.75418125786406076e-10,-8.09090383809383527e-10,-1.20648839112839197e-10,-6.04993243781701693e-10,2.26334834338229919e-07,2.70710926963146544e-07,1.19606391015623315e+00,2.26334834338229919e-07,2.70710926963146544e-07,1.19606391015623315e+00,1.19728077156685853e+00,8.09090383809383527e-10
65,2.71051720894081314e-07,3.60346158152654496e-11,1.28844820098324951e-10,-6.46279498675438592e-11,3.40793930934770496e-10,-8.43175281837410135e-10,5.21885876644749565e-12,-6.69406678670743259e-10,-2.70710926963146544e-07,-8.79209897652675533e-10,-1.23625961331877455e-10,-6.04778728803199400e-10,3.24315696767365885e-07,2.12716150968305474e-11,-1.62653558035125902e-11,3.55616574772570971e-11,-6.23118576368952559e-10,3.67789613335197760e-10,9.61825341340854500e-10,-3.31616473084487673e-10,-3.24938815343734850e-07,3.46517998238367193e-10,9.78090697144367071e-10,-3.67178130561744776e-10,-3.24116987506015520e-07,-1.85174801678925462e-10,-7.38214194643808980e-13,-1.78349681989773633e-12,-8.21827837719330432e-10,5.31692799917292604e-10,9.78828911339010946e-10,-3.65394633741847055e-10,2.70710926963146544e-07,3.24938815343734850e-07,1.20031658488602733e+00,2.70710926963146544e-07,3.24938815343734850e-07,1.20031658488602733e+00,1.19728077156685853e+00,9.78828911339010946e-10
66,3.24315696767365885e-07,2.12716150968305474e-11,-1.62653558035125902e-11,3.55616574772570971e-11,-6.23118576368952559e-10,3.67789613335197760e-10,9.61825341340854500e-10,-3.31616473084487673e-10,-3.24938815343734850e-07,3.46517998238367193e-10,9.78090697144367071e-10,-3.67178130561744776e-10,3.88726323858195640e-07,-7.28778996932336599e-11,-2.51307886915330449e-11,-6.68120889540067002e-11,-5.28565760774928904e-11,4.36976289426505074e-10,2.44464266566428076e-10,4.43426494229689024e-10,-3.88779180434273112e-07,5.09854189119738695e-10,2.69595055257961108e-10,5.10238583183695724e-10,-3.89042995546767768e-07,7.29818917795171238e-11,5.84052434053630731e-12,-1.08281094721829323e-12,2.63815112494656329e-10,4.36872297340221597e-10,2.63754530917424788e-10,5.11321394130914064e-10,3.24938815343734850e-07,3.88779180434273112e-07,1.19646887991206907e+00,3.24938815343734850e-07,3.88779180434273112e-07,1.19646887991206907e+00,1.19728077156685853e+00,5.11321394130914064e-10
67,3.88726323858195640e-07,-7.28778996932336599e-11,-2.51307886915330449e-11,-6.68120889540067002e-11,-5.28565760774928904e-11,4.36976289426505074e-10,2.44464266566428076e-10,4.43426494229689024e-10,-3.88779180434273112e-07,5.09854189119738695e-10,2.69595055257961108e-10,5.10238583183695724e-10,4.64246667809901641e-07,-3.46811079888788377e-11,-1.33075895188219839e-10,1.46048497819174675e-10,-2.28626425501743552e-10,-3.96009161737479271e-10,-4.84369542692511121e-10,2.87064490133910184e-10,-4.64475294235403389e-07,-3.61328053748600433e-10,-3.51293647504291308e-10,1.41015992314735510e-10,-4.65477837119477331e-07,1.07382945309737285e-10,1.60984711021123608e-12,1.50469725067558267e-12,1.00254288407394159e-09,-4.68710999058337731e-10,-3.52903494614502556e-10,1.39511295064059939e-10,3.88779180434273112e-07,4.64475294235403389e-07,1.19470207668161765e+00,3.88779180434273112e-07,4.64475294235403389e-07,1.19470207668161765e+00,1.19728077156685853e+00,1.00254288407394159e-09
68,4.64246667809901641e-07,-3.46811079888788377e-11,-1.33075895188219839e-10,1.46048497819174675e-10,-2.28626425501743552e-10,-3.96009161737479271e-10,-4.84369542692511121e-10,2.87064490133910184e-10,-4.64475294235403389e-07,-3.61328053748600433e-10,-3.51293647504291308e-10,1.41015992314735510e-10,5.57431752942253253e-07,2.79086941241369520e-10,6.14416455046872149e-10,-4.30797397328943587e-10,1.77059745667767821e-10,1.05186318842648975e-09,3.45033187123803365e-09,4.15984993447080136e-11,-5.57254693196585462e-07,7.72776247185120234e-10,2.83591541619116139e-09,4.72395896673651653e-10,-5.56107338655907268e-07,-7.61011117738360475e-11,-2.09769820417968508e-12,4.15857175310633878e-13,-1.14735454067819394e-09,8.48877358958956281e-10,2.83801311439534103e-09,4.71980039498341046e-10,4.64475294235403389e-07,5.57254693196585462e-07,1.19975098807765646e+00,4.64475294235403389e-07,5.57254693196585462e-07,1.19975098807765646e+00,1.19728077156685853e+00,2.83801311439534103e-09
69,5.57431752942253253e-07,2.79086941241369520e-10,6.14416455046872149e-10,-4.30797397328943587e-10,1.77059745667767821e-10,1.05186318842648975e-09,3.45033187123803365e-09,4.15984993447080136e-11,-5.57254693196585462e-07,7.72776247185120234e-10,2.83591541619116139e-09,4.72395896673651653e-10,6.69614858930287940e-07,-2.70071271902697079e-10,-1.79078772757635046e-10,-8.48997352474535693e-11,2.62398282277463801e-09,-8.15615234896902373e-10,-2.30852888318587007e-09,8.36375905462829905e-10,-6.66990876107513330e-07,-5.45543962994205242e-10,-2.12945011042823492e-09,9.21275640710283513e-10,-6.67190329029660774e-07,1.62758277285930717e-10,1.69342506419135110e-11,1.39309889604989730e-12,1.99452922147444363e-10,-7.08302240280135959e-10,-2.14638436107014855e-09,9.19882541814233601e-10,5.57254693196585462e-07,6.66990876107513330e-07,1.19692285098838225e+00,5.57254693196585462e-07,6.66990876107513330e-07,1.19692285098838225e+00,1.19728077156685853e+00,2.14638436107014855e-09
70,6.69614858930287940e-07,-2.70071271902697079e-10,-1.79078772757635046e-10,-8.48997352474535693e-11,2.62398282277463801e-09,-8.15615234896902373e-10,-2.30852888318587007e-09,8.36375905462829905e-10,-6.66990876107513330e-07,-5.45543962994205242e-10,-2.12945011042823492e-09,9.21275640710283513e-10,8.01336292628676956e-07,-3.01562599242700115e-10,-4.22658863580912388e-10,1.52964020830547032e-10,4.38588636653865714e-09,1.45306463321042412e-09,-1.12141930361616007e-09,8.48741319282550784e-10,-7.96950406262138317e-07,1.75462723245312429e-09,-6.98760440035247686e-10,6.95777298452003777e-10,-7.98575350774058321e-07,-1.14899747403087699e-10,-1.27156972642978783e-11,2.71684848888049701e-12,1.62494451192000367e-09,1.86952697985621207e-09,-6.86044742770949858e-10,6.93060449963123277e-10,6.66990876107513330e-07,7.96950406262138317e-07,1.19484453957309689e+00,6.66990876107513330e-07,7.96950406262138317e-07,1.19484453957309689e+00,1.19728077156685853e+00,1.86952697985621207e-09
71,8.01336292628676956e-07,-3.01562599242700115e-10,-4.22658863580912388e-10,1.52964020830547032e-10,4.38588636653865714e-09,1.45306463321042412e-09,-1.12141930361616007e-09,8.48741319282550784e-10,-7.96950406262138317e-07,1.75462723245312429e-09,-6.98760440035247686e-10,6.95777298452003777e-10,9.56994252709205877e-07,1.26807653401664541e-10,-1.67697187542715072e-10,2.95345823420734399e-10,-2.19763513305508436e-09,1.15907403212899578e-09,-3.97929953941871797e-10,2.25421002471707303e-09,-9.59191887842260940e-07,1.03226637872733113e-09,-2.30232766399156725e-10,1.95886420129633852e-09,-9.54173397310054148e-07,3.69550832693540946e-10,-4.17254490830449744e-12,2.05185225611662144e-12,-5.01849053220679151e-09,6.62715546033790135e-10,-2.26060221490852217e-10,1.95681234904022183e-09,7.96950406262138317e-07,9.59191887842260940e-07,1.20357788929560705e+00,7.96950406262138317e-07,9.59191887842260940e-07,1.20357788929560705e+00,1.19728077156685853e+00,5.01849053220679151e-09
72,9.56994252709205877e-07,1.26807653401664541e-10,-1.67697187542715072e-10,2.95345823420734399e-10,-2.19763513305508436e-09,1.15907403212899578e-09,-3.97929953941871797e-10,2.25421002471707303e-09,-9.59191887842260940e-07,1.03226637872733113e-09,-2.30232766399156725e-10,1.95886420129633852e-09,1.14440123326816568e-06,-2.83516349760989309e-11,7.67835362480640384e-11,-8.75145399417171259e-12,-1.24325014945330214e-09,9.72199043332518241e-10,1.79233789257248905e-09,-2.15823376490393209e-09,-1.14564448341761900e-06,1.00055067830861722e-09,1.71555435632442493e-09,-2.14948231090976018e-09,-1.14842200355645361e-06,2.17410794021984711e-10,-1.37480100778916677e-12,5.77670461482185847e-12,2.77752013883460875e-09,7.83139884286632461e-10,1.71692915733221407e-09,-2.15525901552458193e-09,9.59191887842260940e-07,1.14564448341761900e-06,1.19438508388012998e+00,9.59191887842260940e-07,1.14564448341761900e-06,1.19438508388012998e+00,1.19728077156685853e+00,2.77752013883460875e-09
73,1.14440123326816568e-06,-2.83516349760989309e-11,7.67835362480640384e-11,-8.75145399417171259e-12,-1.24325014945330214e-09,9.72199043332518241e-10,1.79233789257248905e-09,-2.15823376490393209e-09,-1.14564448341761900e-06,1.00055067830861722e-09,1.71555435632442493e-09,-2.14948231090976018e-09,1.36975442333534728e-06,2.53173161010084184e-10,4.70518788775124837e-10,-1.86404966939580197e-10,-6.51821435142269080e-10,8.60010255553589601e-11,-1.95326485372720701e-09,-1.79870648507898525e-09,-1.37040624477048958e-06,-1.67172135454725224e-10,-2.42378364250233195e-09,-1.61230151813940513e-09,-1.37165811104756166e-06,2.10730991450581425e-10,1.02441798136711847e-11,-6.33883879070998563e-12,1.25186627707208102e-09,-3.77903126905306649e-10,-2.43402782231600307e-09,-1.60596267934869520e-09,1.14564448341761900e-06,1.37040624477048958e-06,1.19618805362932012e+00,1.14564448341761900e-06,1.37040624477048958e-06,1.19618805362932012e+00,1.19728077156685853e+00,2.43402782231600307e-09
74,1.36975442333534728e-06,2.53173161010084184e-10,4.70518788775124837e-10,-1.86404966939580197e-10,-6.51821435142269080e-10,8.60010255553589601e-11,-1.95326485372720701e-09,-1.79870648507898525e-09,-1.37040624477048958e-06,-1.67172135454725224e-10,-2.42378364250233195e-09,-1.61230151813940513e-09,1.64386298528752314e-06,-3.50954590550125243e-10,2.02561160059530089e-10,-5.66711107455853600e-10,-2.15764200749039530e-09,-2.09532387464138510e-09,6.95365908460240541e-11,-3.54815380619452314e-09,-1.64602062729501349e-06,-1.74436928409125986e-09,-1.33024569213506035e-10,-2.98144269873866954e-09,-1.64076104609885273e-06,-3.52089610361735727e-11,-1.44732665401674493e-11,-4.75468877023557973e-12,-5.25958119616075794e-09,-1.70916032305508623e-09,-1.18551302673338572e-10,-2.97668800996843397e-09,1.37040624477048958e-06,1.64602062729501349e-06,1.20111874385882023e+00,1.37040624477048958e-06,1.64602062729501349e-06,1.20111874385882023e+00,1.19728077156685853e+00,5.25958119616075794e-09
75,1.64386298528752314e-06,-3.50954590550125243e-10,2.02561160059530089e-10,-5.66711107455853600e-10,-2.15764200749039530e-09,-2.09532387464138510e-09,6.95365908460240541e-11,-3.54815380619452314e-09,-1.64602062729501349e-06,-1.74436928409125986e-09,-1.33024569213506035e-10,-2.98144269873866954e-09,1.96762266203415306e-06,1.75606894240072169e-10,3.28638361154201762e-11,2.20691798549010196e-10,3.71116208761809852e-09,-8.91028605002153216e-10,2.26595097444004910e-09,2.47313640238299370e-09,-1.96391149994653502e-06,-1.06663549924222539e-09,2.23308713832462908e-09,2.25244460383398333e-09,-1.97074884666273804e-06,-3.67390354793312266e-10,-7.94336595419190072e-13,-8.79229595662262618e-12,6.83734671620302555e-09,-6.99245144448913068e-10,2.23388147492004824e-09,2.26123689979060604e-09,1.64602062729501349e-06,1.96391149994653502e-06,1.19312690702663127e+00,1.64602062729501349e-06,1.96391149994653502e-06,1.19312690702663127e+00,1.19728077156685853e+00,6.83734671620302555e-09
76,1.96762266203415306e-06,1.75606894240072169e-10,3.28638361154201762e-11,2.20691798549010196e-10,3.71116208761809852e-09,-8.91028605002153216e-10,2.26595097444004910e-09,2.47313640238299370e-09,-1.96391149994653502e-06,-1.06663549924222539e-09,2.23308713832462908e-09,2.25244460383398333e-09,2.35622847895732316e-06,-7.12925345629750574e-10,-6.55655696116498862e-10,5.31732765906943153e-11,6.28148454775485801e-09,3.60295511990404654e-09,-3.68381990860778928e-09,-2.48504263878625814e-09,-2.34994699440956811e-06,4.31588046553379712e-09,-3.02816421249129053e-09,-2.53821591537695246e-09,-2.35135347594501343e-06,-2.24649446694362623e-10,1.33345504910762825e-11,6.64247533289314634e-12,1.40648153544531703e-09,4.54052991222815951e-09,-3.04149876298236677e-09,-2.54485839070984577e-09,1.96391149994653502e-06,2.34994699440956811e-06,1.19656460816770127e+00,1.96391149994653502e-06,2.34994699440956811e-06,1.19656460816770127e+00,1.19728077156685853e+00,4.54052991222815951e-09
77,2.35622847895732316e-06,-7.12925345629750574e-10,-6.55655696116498862e-10,5.31732765906943153e-11,6.28148454775485801e-09,3.60295511990404654e-09,-3.68381990860778928e-09,-2.48504263878625814e-09,-2.34994699440956811e-06,4.31588046553379712e-09,-3.02816421249129053e-09,-2.53821591537695246e-09,2.82077068467142366e-06,-1.41265856723406726e-09,-1.97076221289295629e-09,8.14553203452329826e-10,-5.56690383525435442e-09,-5.34993917038989495e-09,-6.50106499169440668e-09,4.74640848798989698e-09,-2.82633758850667809e-06,-3.93728060315582727e-09,-4.53030277880145080e-09,3.93185528453756684e-09,-2.81354635060790754e-06,9.08989208844056430e-10,-1.80822359744679803e-11,-7.48521698546992284e-12,-1.27912378987705515e-08,-4.84626981199988350e-09,-4.51222054282698268e-09,3.93934050152303712e-09,2.34994699440956811e-06,2.82633758850667809e-06,1.20272397429832445e+00,2.34994699440956811e-06,2.82633758850667809e-06,1.20272397429832445e+00,1.19728077156685853e+00,1.27912378987705515e-08
78,2.82077068467142366e-06,-1.41265856723406726e-09,-1.97076221289295629e-09,8.14553203452329826e-10,-5.56690383525435442e-09,-5.34993917038989495e-09,-6.50106499169440668e-09,4.74640848798989698e-09,-2.82633758850667809e-06,-3.93728060315582727e-09,-4.53030277880145080e-09,3.93185528453756684e-09,3.37051031576124630e-06,-9.03912512150015032e-10,-1.50260133787152360e-09,1.30749530715997078e-09,-8.03148466003972011e-09,-3.67213117394445858e-10,-2.86464074535407100e-09,-2.05012160452667357e-09,-3.37854180042128617e-06,5.36699394755569174e-10,-1.36203940748254740e-09,-3.35761691168664435e-09,-3.38391964867568922e-06,-8.29250394917277500e-10,-2.70520348745160595e-11,1.15950695060784393e-11,5.37784825440305164e-09,1.36594978967284667e-09,-1.33498737260803143e-09,-3.36921198119272281e-09,2.82633758850667809e-06,3.37854180042128617e-06,1.19537800939284478e+00,2.82633758850667809e-06,3.37854180042128617e-06,1.19537800939284478e+00,1.19728077156685853e+00,5.37784825440305164e-09
79,3.37051031576124630e-06,-9.03912512150015032e-10,-1.50260133787152360e-09,1.30749530715997078e-09,-8.03148466003972011e-09,-3.67213117394445858e-10,-2.86464074535407100e-09,-2.05012160452667357e-09,-3.37854180042128617e-06,5.36699394755569174e-10,-1.36203940748254740e-09,-3.35761691168664435e-09,4.04298340004095151e-06,2.82571443692879511e-09,4.00961454181127380e-09,-2.00795378956408368e-09,9.88467928042504296e-09,3.35557128381086383e-09,-5.19740238233601814e-09,9.36691978506867329e-09,-4.03309872076052631e-06,5.29856846882068720e-10,-9.20701692414729277e-09,1.13748735746327566e-08,-4.04506313357928035e-06,1.13036948572117132e-10,-8.13321743617125883e-12,-9.90163641548417700e-12,1.19644128187540371e-08,4.16819898309951601e-10,-9.19888370671112096e-09,1.13847752110482413e-08,3.37854180042128617e-06,4.03309872076052631e-06,1.19373947667529823e+00,3.37854180042128617e-06,4.03309872076052631e-06,1.19373947667529823e+00,1.19728077156685853e+00,1.19644128187540371e-08
80,4.04298340004095151e-06,2.82571443692879511e-09,4.00961454181127380e-09,-2.00795378956408368e-09,9.88467928042504296e-09,3.35557128381086383e-09,-5.19740238233601814e-09,9.36691978506867329e-09,-4.03309872076052631e-06,5.29856846882068720e-10,-9.20701692414729277e-09,1.13748735746327566e-08,4.85067785285099083e-06,2.45122783707822759e-09,4.53902141726830305e-09,-2.31786467148320847e-09,9.49919934649481495e-09,-1.08310723621157246e-09,2.12483125699969315e-08,-1.01564112172366710e-08,-4.84117865350449609e-06,-3.53433507328980005e-09,1.67092911527286276e-08,-7.83854654575346166e-09,-4.82875154819747243e-06,1.11595805281036328e-10,-5.49783436303094945e-11,3.35445839625386552e-11,-1.24271053070236550e-08,-3.64593087857083646e-09,1.67642694963589382e-08,-7.87209112971600049e-09,4.03309872076052631e-06,4.84117865350449609e-06,1.20036205128933449e+00,4.03309872076052631e-06,4.84117865350449609e-06,1.20036205128933449e+00,1.19728077156685853e+00,1.67642694963589382e-08
81,4.85067785285099083e-06,2.45122783707822759e-09,4.53902141726830305e-09,-2.31786467148320847e-09,9.49919934649481495e-09,-1.08310723621157246e-09,2.12483125699969315e-08,-1.01564112172366710e-08,-4.84117865350449609e-06,-3.53433507328980005e-09,1.67092911527286276e-08,-7.83854654575346166e-09,5.80653894346099147e-06,8.55470626942818478e-10,7.02832351193319358e-10,7.65462973764200518e-12,2.82933070753219309e-08,-3.88353460253903580e-09,7.37241856480552217e-09,-1.53814407930286496e-08,-5.77824563638566930e-06,-4.73900522948185386e-09,6.66958621361220322e-09,-1.53890954227662905e-08,-5.79625011356086760e-06,-7.44384017980939483e-10,9.97770676845677055e-11,-2.31159301264395387e-11,1.80044771751982998e-08,-3.99462121150091448e-09,6.56980914592763580e-09,-1.53659794926398513e-08,4.84117865350449609e-06,5.77824563638566930e-06,1.19356174393664172e+00,4.84117865350449609e-06,5.77824563638566930e-06,1.19356174393664172e+00,1.19728077156685853e+00,1.80044771751982998e-08
82,5.80653894346099147e-06,8.55470626942818478e-10,7.02832351193319358e-10,7.65462973764200518e-12,2.82933070753219309e-08,-3.88353460253903580e-09,7.37241856480552217e-09,-1.53814407930286496e-08,-5.77824563638566930e-06,-4.73900522948185386e-09,6.66958621361220322e-09,-1.53890954227662905e-08,6.93758531860549957e-06,-1.06088176722159254e-09,-2.58019808368544487e-09,2.42461387709468762e-09,9.02222511551176758e-09,-2.34404909289444420e-08,-2.58934576747614599e-08,-6.69859022616317289e-09,-6.92856309348998811e-06,-2.23796091617228495e-08,-2.33132595910760133e-08,-9.12320410325785969e-09,-6.91818239383466634e-06,-9.98105635375091536e-10,3.98264503850585453e-11,-4.53825530569177838e-11,-1.03806996553217689e-08,-2.13815035263477586e-08,-2.33530860414610733e-08,-9.07782155020094251e-09,5.77824563638566930e-06,6.92856309348998811e-06,1.19907728564891025e+00,5.77824563638566930e-06,6.92856309348998811e-06,1.19907728564891025e+00,1.19728077156685853e+00,2.33530860414610733e-08
83,6.93758531860549957e-06,-1.06088176722159254e-09,-2.58019808368544487e-09,2.42461387709468762e-09,9.02222511551176758e-09,-2.34404909289444420e-08,-2.58934576747614599e-08,-6.69859022616317289e-09,-6.92856309348998811e-06,-2.23796091617228495e-08,-2.33132595910760133e-08,-9.12320410325785969e-09,8.29037441639559976e-06,1.40361005909640375e-09,1.20701267713158734e-09,1.21670392625230115e-09,1.46123493705586528e-09,-2.83008637197925322e-09,-1.37149275801949188e-09,9.46078116833060448e-11,-8.28891318145854363e-06,-4.23369643107565697e-09,-2.57850543515107922e-09,-1.12209611456899511e-09,-8.29543536642335213e-06,-4.71348161484301187e-09,-1.39211691202521890e-10,-2.69043945008409414e-11,6.52218496480850066e-09,4.79785183767354900e-10,-2.43929374394855728e-09,-1.09519172006815413e-09,6.92856309348998811e-06,8.28891318145854363e-06,1.19633942415083538e+00,6.92856309348998811e-06,8.28891318145854363e-06,1.19633942415083538e+00,1.19728077156685853e+00,6.52218496480850066e-09
84,8.29037441639559976e-06,1.40361005909640375e-09,1.20701267713158734e-09,1.21670392625230115e-09,1.46123493705586528e-09,-2.83008637197925322e-09,-1.37149275801949188e-09,9.46078116833060448e-11,-8.28891318145854363e-06,-4.23369643107565697e-09,-2.57850543515107922e-09,-1.12209611456899511e-09,9.92577102643177128e-06,-3.76967961310817858e-09,-4.91222799816110252e-09,1.25114596158750762e-09,3.16220624266723249e-09,-8.33467172332376301e-09,-1.08593400815808640e-08,-2.22963164359175436e-08,-9.92260882018910339e-06,-4.56499211021558442e-09,-5.94711208341976143e-09,-2.35474623975050521e-08,-9.92415636934738707e-06,-8.91680017577454082e-10,-1.53971649052318897e-11,-3.30906951028801108e-12,1.54754915828368385e-09,-3.67331209263813045e-09,-5.93171491851452960e-09,-2.35441533279947630e-08,8.28891318145854363e-06,9.92260882018910339e-06,1.19709407047295069e+00,8.28891318145854363e-06,9.92260882018910339e-06,1.19709407047295069e+00,1.19728077156685853e+00,2.35441533279947630e-08
85,9.92577102643177128e-06,-3.76967961310817858e-09,-4.91222799816110252e-09,1.25114596158750762e-09,3.16220624266723249e-09,-8.33467172332376301e-09,-1.08593400815808640e-08,-2.22963164359175436e-08,-9.92260882018910339e-06,-4.56499211021558442e-09,-5.94711208341976143e-09,-2.35474623975050521e-08,1.18759959288484398e-05,2.05914943046590660e-09,6.06028114765869964e-09,-3.13282916593447807e-09,-4.32428915679221185e-08,-7.04113538141166524e-09,9.03120410803145108e-09,2.50771674596467538e-08,-1.19192388204163615e-05,-9.10028481187757266e-09,2.97092296037275143e-09,2.82099966255812302e-08,-1.18801487441921238e-05,-9.61455860462762338e-10,-3.55123026734849936e-11,-6.94416359281014699e-11,-3.90900762242377576e-08,-8.13882895141480991e-09,3.00643526304623632e-09,2.82794382615093310e-08,9.92260882018910339e-06,1.19192388204163615e-05,1.20122026741241683e+00,9.92260882018910339e-06,1.19192388204163615e-05,1.20122026741241683e+00,1.19728077156685853e+00,3.90900762242377576e-08
86,1.18759959288484398e-05,2.05914943046590660e-09,6.06028114765869964e-09,-3.13282916593447807e-09,-4.32428915679221185e-08,-7.04113538141166524e-09,9.03120410803145108e-09,2.50771674596467538e-08,-1.19192388204163615e-05,-9.10028481187757266e-09,2.97092296037275143e-09,2.82099966255812302e-08,1.42262021225398244e-05,-6.66975717041479834e-09,-7.93603073404666526e-09,1.92580773230014693e-09,8.29393441927611435e-10,8.76948404825434145e-09,-3.39598349596398046e-08,4.13359407998393827e-08,-1.42253727290978965e-05,1.54392412186691398e-08,-2.60238042255931393e-08,3.94101330675392370e-08,-1.42706754513977510e-05,-1.91665657968612708e-09,1.77404282798879370e-11,8.31914828926169596e-11,4.53027222998544704e-08,1.73558977983552677e-08,-2.60415446538730288e-08,3.93269415846466212e-08,1.19192388204163615e-05,1.42253727290978965e-05,1.19347996490609609e+00,1.19192388204163615e-05,1.42253727290978965e-05,1.19347996490609609e+00,1.19728077156685853e+00,4.53027222998544704e-08
87,1.42262021225398244e-05,-6.66975717041479834e-09,-7.93603073404666526e-09,1.92580773230014693e-09,8.29393441927611435e-10,8.76948404825434145e-09,-3.39598349596398046e-08,4.13359407998393827e-08,-1.42253727290978965e-05,1.54392412186691398e-08,-2.60238042255931393e-08,3.94101330675392370e-08,1.70221385148461662e-05,-9.10473494050565420e-09,-1.02559307506923498e-08,3.37969405668667908e-09,-2.86247150935903727e-08,-6.51927146903030413e-09,-4.01390630587768635e-08,-2.73880808961594015e-08,-1.70507632299397566e-05,2.58546347147535007e-09,-2.98831323080845104e-08,-3.07677749528460785e-08,-1.70317652369204748e-05,3.25173594880247464e-09,-1.55397308712459914e-10,1.16220765794451683e-10,-1.89979930192818284e-08,-6.66272477327124566e-10,-2.97277349993720490e-08,-3.08839957186405291e-08,1.42253727290978965e-05,1.70507632299397566e-05,1.19861627211092636e+00,1.42253727290978965e-05,1.70507632299397566e-05,1.19861627211092636e+00,1.19728077156685853e+00,3.08839957186405291e-08
88,1.70221385148461662e-05,-9.10473494050565420e-09,-1.02559307506923498e-08,3.37969405668667908e-09,-2.86247150935903727e-08,-6.51927146903030413e-09,-4.01390630587768635e-08,-2.73880808961594015e-08,-1.70507632299397566e-05,2.58546347147535007e-09,-2.98831323080845104e-08,-3.07677749528460785e-08,2.04444941447470284e-05,7.25496732913945766e-09,2.19470500388383506e-08,-1.49028718893772887e-08,-2.95651694938272439e-08,-5.30747936442270089e-08,1.53920275182905717e-08,6.66533377222349108e-08,-2.04740593142408570e-05,-6.03297609733664699e-08,-6.55502252054777889e-09,8.15562096116121929e-08,-2.04145509557460880e-05,5.44537415760173013e-10,-1.78442717149239245e-10,-9.07343895714076689e-11,-5.95083584947689456e-08,-6.08742983891266468e-08,-6.37657980339853923e-09,8.16469440011835947e-08,1.70507632299397566e-05,2.04740593142408570e-05,1.20077084164127457e+00,1.70507632299397566e-05,2.04740593142408570e-05,1.20077084164127457e+00,1.19728077156685853e+00,8.16469440011835947e-08
89,2.04444941447470284e-05,7.25496732913945766e-09,2.19470500388383506e-08,-1.49028718893772887e-08,-2.95651694938272439e-08,-5.30747936442270089e-08,1.53920275182905717e-08,6.66533377222349108e-08,-2.04740593142408570e-05,-6.03297609733664699e-08,-6.55502252054777889e-09,8.15562096116121929e-08,2.44316163054996226e-05,1.12076553025243082e-08,1.44013260521415871e-09,7.32269507553761904e-09,2.98113043173083283e-08,4.31799229580762553e-08,-4.42552909694158555e-08,8.45397619694870590e-09,-2.44018050011823134e-05,3.19722676555519438e-08,-4.56954235746300158e-08,1.13128112141108686e-09,-2.45131975328599156e-05,-1.27063532307882876e-08,-3.91423501887904099e-11,2.40509848573983207e-10,1.11392531677602234e-07,4.46786208863402297e-08,-4.56562812244412273e-08,8.90771272837103653e-10,2.04740593142408570e-05,2.44018050011823134e-05,1.19184010491800652e+00,2.04740593142408570e-05,2.44018050011823134e-05,1.19184010491800652e+00,1.19728077156685853e+00,1.11392531677602234e-07
90,2.44316163054996226e-05,1.12076553025243082e-08,1.44013260521415871e-09,7.32269507553761904e-09,2.98113043173083283e-08,4.31799229580762553e-08,-4.42552909694158555e-08,8.45397619694870590e-09,-2.44018050011823134e-05,3.19722676555519438e-08,-4.56954235746300158e-08,1.13128112141108686e-09,2.92219677393659410e-05,-1.78860653665140805e-09,-5.60736789535252543e-09,2.38214218940688735e-09,1.91744013151393316e-09,-6.32206606810976758e-08,2.80398085641539827e-08,2.07731482054302102e-08,-2.92200502992344276e-05,-6.14320541444462634e-08,3.36471764595065065e-08,1.83910060160233232e-08,-2.92158119194395826e-05,6.73383948264101703e-09,-2.72863482310936167e-10,3.33615616151006514e-12,-4.23837979484501036e-09,-6.81658936270872754e-08,3.39200399418174407e-08,1.83876698598618131e-08,2.44018050011823134e-05,2.92200502992344276e-05,1.19745446280792178e+00,2.44018050011823134e-05,2.92200502992344276e-05,1.19745446280792178e+00,1.19728077156685853e+00,6.81658936270872754e-08
91,2.92219677393659410e-05,-1.78860653665140805e-09,-5.60736789535252543e-09,2.38214218940688735e-09,1.91744013151393316e-09,-6.32206606810976758e-08,2.80398085641539827e-08,2.07731482054302102e-08,-2.92200502992344276e-05,-6.14320541444462634e-08,3.36471764595065065e-08,1.83910060160233232e-08,3.50112142773468163e-05,8.64597732959541671e-09,1.11102701683398556e-08,-7.94378194207920698e-09,-2.34943608242193828e-08,1.77669901572260833e-08,-8.04291551772137631e-08,5.36190025496348480e-08,-3.50347086381710350e-05,9.12101282763066657e-09,-9.15394253455536187e-08,6.15627844917140516e-08,-3.49846043674898060e-05,-1.29385127184051684e-08,2.00919151644954142e-10,5.42352089816493133e-11,-5.01042706812289840e-08,2.20595255460358366e-08,-9.17403444971985761e-08,6.15085492827324016e-08,2.92200502992344276e-05,3.50347086381710350e-05,1.19899549382668091e+00,2.92200502992344276e-05,3.50347086381710350e-05,1.19899549382668091e+00,1.19728077156685853e+00,9.17403444971985761e-08
92,3.50112142773468163e-05,8.64597732959541671e-09,1.11102701683398556e-08,-7.94378194207920698e-09,-2.34943608242193828e-08,1.77669901572260833e-08,-8.04291551772137631e-08,5.36190025496348480e-08,-3.50347086381710350e-05,9.12101282763066657e-09,-9.15394253455536187e-08,6.15627844917140516e-08,4.19998346534899476e-05,-2.43324568741088010e-10,4.96170699089607096e-09,-1.25836112931997669e-08,2.24734830143804832e-07,6.83982516897584491e-08,-1.35438227631707565e-07,-7.97460551389721324e-08,-4.17750998233461416e-05,6.86415762584995371e-08,-1.40399934622603639e-07,-6.71624438457723720e-08,-4.19463829899294921e-05,1.92102221093814624e-09,-5.46614177407413762e-10,1.81549094132824000e-10,1.71283166583350405e-07,6.67205540475613921e-08,-1.39853320445196227e-07,-6.73439929399051946e-08,3.50347086381710350e-05,4.17750998233461416e-05,1.19239181506511271e+00,3.50347086381710350e-05,4.17750998233461416e-05,1.19239181506511271e+00,1.19728077156685853e+00,1.71283166583350405e-07
93,4.19998346534899476e-05,-2.43324568741088010e-10,4.96170699089607096e-09,-1.25836112931997669e-08,2.24734830143804832e-07,6.83982516897584491e-08,-1.35438227631707565e-07,-7.97460551389721324e-08,-4.17750998233461416e-05,6.86415762584995371e-08,-1.40399934622603639e-07,-6.71624438457723720e-08,5.01886571561216554e-05,-2.74387622749647703e-08,-3.71223909516605398e-08,2.09456416031167431e-08,1.53237086264153463e-08,-3.24585484662801044e-08,-3.32907081366231682e-08,3.53085154368008715e-08,-5.01733334474952376e-05,-5.01978619131533409e-09,3.83168281503737158e-09,1.43628738336841284e-08,-5.00165237487783934e-05,1.44569462929519276e-08,-8.38377502175535659e-10,-1.98062529832252333e-10,-1.56809698716844144e-07,-1.94767324842672617e-08,4.67006031721290724e-09,1.45609363635163802e-08,4.17750998233461416e-05,5.01733334474952376e-05,1.20103443581613467e+00,4.17750998233461416e-05,5.01733334474952376e-05,1.20103443581613467e+00,1.19728077156685853e+00,1.56809698716844144e-07
94,5.01886571561216554e-05,-2.74387622749647703e-08,-3.71223909516605398e-08,2.09456416031167431e-08,1.53237086264153463e-08,-3.24585484662801044e-08,-3.32907081366231682e-08,3.53085154368008715e-08,-5.01733334474952376e-05,-5.01978619131533409e-09,3.83168281503737158e-09,1.43628738336841284e-08,6.00576453105887287e-05,1.17364323194859571e-08,2.45608996547539519e-08,-9.14140719315070269e-09,-1.25857427823413513e-07,-4.61340634015456086e-08,-5.03788405885937579e-08,7.24795306097901495e-08,-6.01835027384121419e-05,-5.78704957210315656e-08,-7.49397402433477131e-08,8.16209378029408555e-08,-6.00715673820983572e-05,-1.05724232055293773e-09,2.28803287995461640e-11,4.23562182116755291e-11,-1.11935356313784702e-07,-5.68132534004786252e-08,-7.49626205721472563e-08,8.15785815847291783e-08,5.01733334474952376e-05,6.01835027384121419e-05,1.19951174464802546e+00,5.01733334474952376e-05,6.01835027384121419e-05,1.19951174464802546e+00,1.19728077156685853e+00,1.11935356313784702e-07
95,6.00576453105887287e-05,1.17364323194859571e-08,2.45608996547539519e-08,-9.14140719315070269e-09,-1.25857427823413513e-07,-4.61340634015456086e-08,-5.03788405885937579e-08,7.24795306097901495e-08,-6.01835027384121419e-05,-5.78704957210315656e-08,-7.49397402433477131e-08,8.16209378029408555e-08,7.16619181791505397e-05,-3.99166205880590134e-08,-8.45341706837229724e-08,5.55716349712930102e-08,-2.41562763047575741e-07,2.28868285803106067e-08,-2.20684104325538954e-07,1.35311015079318456e-07,-7.19034809421981142e-05,6.28034491683696201e-08,-1.36149933641815982e-07,7.97393801080254459e-08,-7.20565505942422123e-05,-1.21883950542563760e-08,-4.47491606087873394e-10,2.40700732475639026e-10,1.53069652044098112e-07,7.49918442226259911e-08,-1.35702442035728110e-07,7.94986793755498081e-08,6.01835027384121419e-05,7.19034809421981142e-05,1.19473738932622298e+00,6.01835027384121419e-05,7.19034809421981142e-05,1.19473738932622298e+00,1.19728077156685853e+00,1.53069652044098112e-07
96,7.16619181791505397e-05,-3.99166205880590134e-08,-8.45341706837229724e-08,5.55716349712930102e-08,-2.41562763047575741e-07,2.28868285803106067e-08,-2.20684104325538954e-07,1.35311015079318456e-07,-7.19034809421981142e-05,6.28034491683696201e-08,-1.36149933641815982e-07,7.97393801080254459e-08,8.57272424524304071e-05,-1.11345662742413666e-08,9.44385445497766437e-09,-1.48700861221599381e-08,-4.34092891912814316e-07,-1.05392452870140092e-07,-3.83991603825688859e-08,-6.50316464801309077e-08,-8.61613353443432269e-05,-9.42578865958987223e-08,-4.78430148375465470e-08,-5.01615603579709679e-08,-8.60886551408178500e-05,1.32273490955393032e-08,-8.12999248146472247e-10,2.35152005304006399e-10,-7.26802035253768788e-08,-1.07485235691438029e-07,-4.70300155894000741e-08,-5.03967123632749730e-08,7.19034809421981142e-05,8.61613353443432269e-05,1.19829157386144813e+00,7.19034809421981142e-05,8.61613353443432269e-05,1.19829157386144813e+00,1.19728077156685853e+00,1.07485235691438029e-07
97,8.57272424524304071e-05,-1.11345662742413666e-08,9.44385445497766437e-09,-1.48700861221599381e-08,-4.34092891912814316e-07,-1.05392452870140092e-07,-3.83991603825688859e-08,-6.50316464801309077e-08,-8.61613353443432269e-05,-9.42578865958987223e-08,-4.78430148375465470e-08,-5.01615603579709679e-08,1.02903022937656278e-04,4.34092162175194087e-08,1.08017678890759188e-07,-6.62445506814867145e-08,-3.12110087887206825e-07,-9.24807957294805670e-08,4.59295329565445513e-08,3.02014050006045661e-07,-1.03215133025543482e-04,-1.35890011946999982e-07,-6.20881459342146370e-08,3.68258600687532402e-07,-1.03159310060306077e-04,-1.98521257593545898e-08,-2.85687506791700373e-10,-1.47926802181995505e-10,-5.58229652374052712e-08,-1.16037886187645386e-07,-6.18024584274229302e-08,3.68406527489714378e-07,8.61613353443432269e-05,1.03215133025543482e-04,1.19792866037933221e+00,8.61613353443432269e-05,1.03215133025543482e-04,1.19792866037933221e+00,1.19728077156685853e+00,3.68406527489714378e-07
98,1.02903022937656278e-04,4.34092162175194087e-08,1.08017678890759188e-07,-6.62445506814867145e-08,-3.12110087887206825e-07,-9.24807957294805670e-08,4.59295329565445513e-08,3.02014050006045661e-07,-1.03215133025543482e-04,-1.35890011946999982e-07,-6.20881459342146370e-08,3.68258600687532402e-07,1.23764926311949213e-04,6.37967934221379166e-08,1.26180836484231687e-07,-8.64934563974503503e-08,6.67574783174505649e-08,1.79489264536739134e-07,-1.59465175682993375e-09,-3.25714468421624656e-08,-1.23698168833631775e-04,1.15692471114601218e-07,-1.27775488241061621e-07,5.39220095552878847e-08,-1.23577494106198623e-04,-2.86204762703582827e-08,-3.70750206137608127e-10,1.08599726138835356e-09,-1.20674727433151344e-07,1.44312947384959504e-07,-1.27404738034924013e-07,5.28360122938995295e-08,1.03215133025543482e-04,1.23698168833631775e-04,1.19844992887834767e+00,1.03215133025543482e-04,1.23698168833631775e-04,1.19844992887834767e+00,1.19728077156685853e+00,1.44312947384959504e-07
99,1.23764926311949213e-04,6.37967934221379166e-08,1.26180836484231687e-07,-8.64934563974503503e-08,6.67574783174505649e-08,1.79489264536739134e-07,-1.59465175682993375e-09,-3.25714468421624656e-08,-1.23698168833631775e-04,1.15692471114601218e-07,-1.27775488241061621e-07,5.39220095552878847e-08,1.48354232251761913e-04,-4.32585246974695051e-10,2.37786625191447055e-08,-2.06250928707878380e-08,3.05204967819586405e-07,-4.24792891598248133e-07,4.40796981207696909e-08,1.11824807441739168e-07,-1.48049027283942336e-04,-4.24360306351273425e-07,2.03010356016249854e-08,1.32449900312527000e-07,-1.48101439022538169e-04,2.43665709992430053e-08,-7.62992482573096311e-10,1.59016393904365988e-10,5.24117385958331860e-08,-4.48726877350516444e-07,2.10640280841980808e-08,1.32290883918622639e-07,1.23698168833631775e-04,1.48049027283942336e-04,1.19685706490175559e+00,1.23698168833631775e-04,1.48049027283942336e-04,1.19685706490175559e+00,1.19728077156685853e+00,4.48726877350516444e-07
