block,controller_nominal_0,controller_nominal_1,controller_nominal_2,controller_nominal_3,controller_semantic_0,controller_semantic_1,controller_semantic_2,controller_semantic_3,controller_ckks_0,controller_ckks_1,controller_ckks_2,controller_ckks_3,controller_error_0,controller_error_1,controller_error_2,controller_error_3,plant_error_0,plant_error_1,plant_error_2,plant_error_3,controller_error_inf,plant_error_inf,semantic_identity_inf,x_next_level,x_next_towers,x_next_noiseScaleDegree,x_next_scalingFactor
0,-2.72875713277301202e-01,6.18236650742283976e-03,-9.43198909209008556e-03,1.77321860564580575e-02,-2.72875713277298593e-01,6.18236650742304272e-03,-9.43198909208880013e-03,1.77321860564570166e-02,-2.72875713278691312e-01,6.18236650739639911e-03,-9.43198909208534109e-03,1.77321860564611800e-02,-1.39011024913315850e-12,-2.64406552208384937e-14,4.74446870679656740e-15,3.12250225675825277e-15,-6.93889390390722838e-17,2.77555756156289135e-17,2.42861286636752993e-17,1.38777878078144568e-17,1.39011024913315850e-12,6.93889390390722838e-17,5.03069808033274057e-17,18,3,1,5.76460752303513600e+17
1,-2.34859410301541061e-01,2.02333762888014281e-02,3.39786499342403098e-02,-2.14514629000699328e-02,-2.34859410302883209e-01,2.02333762888851770e-02,3.39786499343939716e-02,-2.14514629001613076e-02,-2.34859410303834171e-01,2.02333762888549547e-02,3.39786499344018056e-02,-2.14514629000447411e-02,-2.29311014621202958e-12,5.35266275747403597e-14,1.61495816719536833e-13,2.51916543181351926e-14,-3.38076788786167981e-13,-1.30020993971413645e-13,-6.15132944581375796e-14,-2.86593665466128300e-14,2.29311014621202958e-12,3.38076788786167981e-13,8.32667268468867405e-17,18,3,1,5.76460752303513600e+17
2,-1.41291266820741779e-01,1.58935249156552105e-02,2.94662175332925172e-02,-2.09295579115668755e-02,-1.41291266822546863e-01,1.58935249158006359e-02,2.94662175335653337e-02,-2.09295579117445008e-02,-1.41291266823172557e-01,1.58935249156751633e-02,2.94662175336037196e-02,-2.09295579116870779e-02,-2.43077780126554899e-12,1.99527894206852352e-14,3.11202452696335286e-13,-1.20202459097384917e-13,-5.66206803664925928e-13,-1.85174792166620250e-13,-9.04450125904787683e-14,-4.12612652378463451e-14,2.43077780126554899e-12,5.66206803664925928e-13,4.85722573273505986e-17,18,3,1,5.76460752303513600e+17
3,-7.23314243440203591e-02,9.30492882191876272e-03,1.76949769611974596e-02,-1.30625846270313595e-02,-7.23314243456318895e-02,9.30492882206584646e-03,1.76949769615158542e-02,-1.30625846272475563e-02,-7.23314243460816686e-02,9.30492882216781177e-03,1.76949769615558465e-02,-1.30625846272583116e-02,-2.06130945645810471e-12,2.49049045275562264e-13,3.58386931242904438e-13,-2.26952137638569695e-13,-5.82211362454287951e-13,-1.57201508754756247e-13,-8.12661569982164878e-14,-3.57346530838187348e-14,2.06130945645810471e-12,5.82211362454287951e-13,2.77555756156289135e-17,18,3,1,5.76460752303513600e+17
4,-3.34760483942413284e-02,4.69486142292445049e-03,9.02308157680476244e-03,-6.80449156858027419e-03,-3.34760483955653526e-02,4.69486142307492041e-03,9.02308157705779788e-03,-6.80449156875549948e-03,-3.34760483955980903e-02,4.69486142298921640e-03,9.02308157703258021e-03,-6.80449156876429713e-03,-1.35676192503098036e-12,6.47659009755940929e-14,2.27817764653082122e-13,-1.84022935778571650e-13,-4.90506940620250020e-13,-1.24721630592738997e-13,-6.99293054018390592e-14,-3.07327947812741087e-14,1.35676192503098036e-12,4.90506940620250020e-13,1.38777878078144568e-17,18,3,1,5.76460752303513600e+17
5,-1.43965244075662715e-02,2.15006283730745287e-03,4.15643480202740855e-03,-3.18056835828979144e-03,-1.43965244082473916e-02,2.15006283739064587e-03,4.15643480221325381e-03,-3.18056835842380013e-03,-1.43965244083776502e-02,2.15006283747943639e-03,4.15643480221720117e-03,-3.18056835846659532e-03,-8.11378741971680029e-13,1.71983521174423615e-13,1.89792626059670511e-13,-1.76803884033294167e-13,-3.17672971261728776e-13,-6.02063971594235525e-14,-3.83977788800948794e-14,-1.56662335014379206e-14,8.11378741971680029e-13,3.17672971261728776e-13,3.46944695195361419e-18,18,3,1,5.76460752303513600e+17
6,-5.84041198768442231e-03,9.16379757193185799e-04,1.77845247979525585e-03,-1.37626469770307878e-03,-5.84041198810720304e-03,9.16379757261496716e-04,1.77845247988805207e-03,-1.37626469777158496e-03,-5.84041198806849529e-03,9.16379757524550618e-04,1.77845247990850164e-03,-1.37626469774210832e-03,-3.84072981751693021e-13,3.31364818396961969e-13,1.13245784277848927e-13,-3.90295434860021828e-14,-1.53323100743341101e-13,-1.74631224194796153e-14,-1.68196077725280002e-14,-6.32280957191949655e-15,3.84072981751693021e-13,1.53323100743341101e-13,1.73472347597680709e-18,18,3,1,5.76460752303513600e+17
7,-2.25608147028916227e-03,3.68683714721472402e-04,7.17644786318757423e-04,-5.60524482389667235e-04,-2.25608147042360594e-03,3.68683714814064677e-04,7.17644786384736980e-04,-5.60524482438234830e-04,-2.25608147035833827e-03,3.68683714749763953e-04,7.17644786303079209e-04,-5.60524482321602107e-04,-6.91760017323961307e-14,2.82915509595971226e-14,-1.56782139354438854e-14,6.80651281864674829e-14,-9.93977036095605726e-14,-1.25876888665103770e-14,-1.09971981607920322e-14,-3.90185388339514549e-15,6.91760017323961307e-14,9.93977036095605726e-14,8.67361737988403547e-19,18,3,1,5.76460752303513600e+17
8,-8.35235935373627222e-04,1.41275411690552991e-04,2.75665408464947274e-04,-2.17042863331083923e-04,-8.35235935254999566e-04,1.41275411708745714e-04,2.75665408503314425e-04,-2.17042863359962976e-04,-8.35235935423554081e-04,1.41275411663383291e-04,2.75665408462451550e-04,-2.17042863327079178e-04,-4.99268595216539879e-14,-2.71696998666720591e-14,-2.49572498084438266e-15,4.00474466956401987e-15,-8.10305598661353876e-14,-1.77052993034949868e-14,-1.18309699602241192e-14,-4.94590161198311257e-15,4.99268595216539879e-14,8.10305598661353876e-14,3.25260651745651330e-19,18,3,1,5.76460752303513600e+17
9,-2.97898532579470271e-04,5.18837684507751987e-05,1.01451352070179097e-04,-8.04458679179134213e-05,-2.97898532500133939e-04,5.18837684644969020e-05,1.01451352109643649e-04,-8.04458679402789536e-05,-2.97898532400718672e-04,5.18837684705746412e-05,1.01451352196760784e-04,-8.04458679503293044e-05,1.78751599026055752e-13,1.97994425759143167e-14,1.26581687839855128e-13,-3.24158831287862936e-14,-3.55697459333836896e-14,-2.25734280443271040e-15,-2.89183824456196170e-15,-7.65110461694706173e-16,1.78751599026055752e-13,3.55697459333836896e-14,1.08420217248550443e-19,18,3,1,5.76460752303513600e+17
10,-1.02887353842298784e-04,1.83554247571021543e-05,3.59567706655107498e-05,-2.86924091804932321e-05,-1.02887353670977886e-04,1.83554247201660663e-05,3.59567705938407714e-05,-2.86924091456134047e-05,-1.02887353781348244e-04,1.83554247458553660e-05,3.59567705984845245e-05,-2.86924093284726019e-05,6.09505393205089785e-14,-1.12467882771617733e-14,-6.70262253360011384e-14,-1.47979369778889272e-13,1.23176371446404032e-13,5.40860386262932008e-14,2.38004179488630549e-14,1.12159622071123476e-14,1.47979369778889272e-13,1.23176371446404032e-13,5.42101086242752217e-20,18,3,1,5.76460752303513600e+17
11,-3.46275688302295003e-05,6.28796926898012606e-06,1.23364136597271844e-05,-9.89777093184917004e-06,-3.46275689489681374e-05,6.28796928238653241e-06,1.23364136694615107e-05,-9.89777092349933778e-06,-3.46275689673181304e-05,6.28796921466453049e-06,1.23364135865042388e-05,-9.89777102228770114e-06,-1.37088630107039949e-13,-5.43155955664274305e-14,-7.32229455833923598e-14,-9.04385310943663784e-14,8.80744384216571030e-14,2.97887892670533998e-14,1.57459892767184383e-14,7.81996958176771188e-15,1.37088630107039949e-13,8.80744384216571030e-14,2.03287907341032081e-20,18,3,1,5.76460752303513600e+17
12,-1.14579227809687322e-05,2.09949370640556849e-06,4.12368509238760453e-06,-3.32259303655930168e-06,-1.14579230095236832e-05,2.09949372930524102e-06,4.12368510192508964e-06,-3.32259303229526879e-06,-1.14579228738774011e-05,2.09949377433029800e-06,4.12368496262285243e-06,-3.32259316731275765e-06,-9.29086689039401031e-14,6.79247295108447672e-14,-1.29764752105309116e-13,-1.30753455971672908e-13,-1.51616847738787405e-14,-1.40822816783141421e-14,-5.68552315822904233e-15,-2.96979971289261914e-15,1.30753455971672908e-13,1.51616847738787405e-14,6.77626357803440271e-21,18,3,1,5.76460752303513600e+17
13,-3.77604508711349152e-06,6.89774814765432713e-07,1.35556247981697444e-06,-1.09488138510617178e-06,-3.77604530489494574e-06,6.89774822989864921e-07,1.35556248643224077e-06,-1.09488137912631082e-06,-3.77604528862921916e-06,6.89774864904226760e-07,1.35556249240253810e-06,-1.09488118004100911e-06,-2.01515727644611215e-13,5.01387940471997103e-14,1.25855636608457160e-14,2.05065162670631132e-13,-8.96363847523276884e-14,-5.40230491270497532e-14,-2.61327291512979609e-14,-1.32698163573955266e-14,2.05065162670631132e-13,8.96363847523276884e-14,2.96461531539005119e-21,18,3,1,5.76460752303513600e+17
14,-1.26143821013083633e-06,2.26154366959910760e-07,4.44318379895431874e-07,-3.58775891112013501e-07,-1.26143846932542561e-06,2.26154356825122451e-07,4.44318356678440796e-07,-3.58775874415935425e-07,-1.26143889897472165e-06,2.26154555613212814e-07,4.44318358328610585e-07,-3.58776054961103424e-07,-6.88843885327439145e-13,1.88653302053472130e-13,-2.15668212895901452e-14,-1.63849089922773474e-13,6.27186986809248202e-14,2.45768377033019249e-14,1.21530939827916388e-14,5.64296064515739469e-15,6.88843885327439145e-13,6.27186986809248202e-14,8.47032947254300339e-22,18,3,1,5.76460752303513600e+17
15,-4.35847063531945970e-07,7.54280627610793182e-08,1.47990800866453805e-07,-1.19039236246610381e-07,-4.35847800125930653e-07,7.54281764312033857e-08,1.47990911340564088e-07,-1.19039289945984105e-07,-4.35847106063975352e-07,7.54280786987745840e-08,1.47990813998432518e-07,-1.19039446467486193e-07,-4.25320293815799246e-14,1.59376952658202989e-14,1.31319787123586139e-14,-2.10220875812721902e-13,-1.19836015280227288e-13,-4.41178136082838550e-14,-1.89200706717400107e-14,-8.24140267156838138e-15,2.10220875812721902e-13,1.19836015280227288e-13,1.58818677610181314e-22,18,3,1,5.76460752303513600e+17
16,-1.58324768873760902e-07,2.61456574615392346e-08,5.11751743778824173e-08,-4.08532185107853768e-08,-1.58324535316121898e-07,2.61456964314770518e-08,5.11752379754228392e-08,-4.08532620342376601e-08,-1.58324718699482236e-07,2.61456022368537586e-08,5.11751962024617090e-08,-4.08532383334146194e-08,5.01742786661101367e-14,-5.52246854759723658e-14,2.18245792917307003e-14,-1.98226292425775661e-14,3.43465251401745632e-14,4.51031306365691078e-14,2.24917814152299902e-14,1.21229823314732774e-14,5.52246854759723658e-14,4.51031306365691078e-14,1.05879118406787542e-22,18,3,1,5.76460752303513600e+17
17,-6.07632565599275316e-08,9.57309756251742105e-09,1.86820404955470182e-08,-1.47667691136312648e-08,-6.07633488471320282e-08,9.57310394923436656e-09,1.86820490814486473e-08,-1.47667537303026732e-08,-6.07636409061683193e-08,9.57299324113362415e-09,1.86818120088759634e-08,-1.47669390706678293e-08,-3.84346240787640575e-13,-1.04321383796900308e-13,-2.28486671054847763e-13,-1.69957036564490353e-13,1.58232642949902620e-13,7.04453009061776543e-14,3.30352059266389104e-14,1.62283801066916945e-14,3.84346240787640575e-13,1.58232642949902620e-13,2.64697796016968856e-23,18,3,1,5.76460752303513600e+17
18,-2.44178619676790257e-08,3.71283533781037526e-09,7.22582804603769511e-09,-5.65670597737447402e-09,-2.44183143256799875e-08,3.71286601399304073e-09,7.22587357459819153e-09,-5.65673049996936859e-09,-2.44185929179918792e-08,3.71253742362718385e-09,7.22550292019488510e-09,-5.65645455214129313e-09,-7.30950312853510669e-13,-2.97914183191411558e-13,-3.25125842810019571e-13,2.51425233180884456e-13,-7.65827156057538289e-14,-3.30270213609778394e-14,-1.46299564216752012e-14,-6.65999035010400057e-15,7.30950312853510669e-13,7.65827156057538289e-14,1.03397576569128459e-23,18,3,1,5.76460752303513600e+17
19,-1.00962341472627974e-08,1.50725906156239836e-09,2.92786011989097385e-09,-2.27598459451399306e-09,-1.00976259414779564e-08,1.50704816332756330e-09,2.92758897861667508e-09,-2.27581885489004047e-09,-1.00973939483273151e-08,1.50716534411420550e-09,2.92724205686633708e-09,-2.27552345163211739e-09,-1.15980106451771664e-12,-9.37174481928642821e-14,-6.18063024636766760e-13,4.61142881875672912e-13,3.70739407754457715e-13,1.19084002585104023e-13,5.25471832641064374e-14,2.24167252791366487e-14,1.15980106451771664e-12,3.70739407754457715e-13,2.27474668452082611e-24,18,3,1,5.76460752303513600e+17
20,-4.21841768355429294e-09,6.28101309251279408e-10,1.21903300477320230e-09,-9.44203486312661414e-10,-4.22024168298061995e-09,6.27980083903629177e-10,1.21887563952210183e-09,-9.44139313564930102e-10,-4.21994626714059112e-09,6.27392057479179405e-10,1.21897765375755679e-09,-9.44218601744745639e-10,-1.52858358629818289e-12,-7.09251772100003572e-13,-5.53510156455097192e-14,-1.51154320842241971e-14,-1.23211248033797492e-13,-1.06184450632327478e-13,-4.94741353110407455e-14,-2.59515343750780356e-14,1.52858358629818289e-12,1.23211248033797492e-13,1.65436122510605535e-24,18,3,1,5.76460752303513600e+17
21,-1.75640032739092105e-09,2.63708980051888955e-10,5.11798294338727711e-10,-3.96160411598113379e-10,-1.75788375731040108e-09,2.63589280857001109e-10,5.11865271993160480e-10,-3.96215555295400468e-10,-1.75854125958605673e-09,2.63637442980120146e-10,5.11562139915463650e-10,-3.96025469539017786e-10,-2.14093219513568070e-12,-7.15370717688086109e-14,-2.36154423264061003e-13,1.34942059095592592e-13,-1.70227133872945630e-13,-6.01428583645418504e-14,-2.51156928297077858e-14,-1.15887998151716499e-14,2.14093219513568070e-12,1.70227133872945630e-13,8.27180612553027675e-25,18,3,1,5.76460752303513600e+17
22,-7.22291813901577470e-10,1.10042259841035158e-10,2.13679883051216797e-10,-1.65633915929914783e-10,-7.24157011829238816e-10,1.10114587010880436e-10,2.13914708655811503e-10,-1.65796720203920499e-10,-7.22715335859054223e-10,1.10336994927939884e-10,2.13923904610923859e-10,-1.65258298975790298e-10,-4.23521957476752384e-13,2.94735086904725617e-13,2.44021559707061919e-13,3.75616954124485128e-13,-4.15033291244353787e-13,-1.27568481263960856e-13,-5.95639157397878084e-14,-2.62512274887074862e-14,4.23521957476752384e-13,4.15033291244353787e-13,1.29246970711410574e-25,18,3,1,5.76460752303513600e+17
23,-2.91958003593681649e-10,4.52622763369126694e-11,8.79644472838239057e-11,-6.83645357135888857e-11,-2.91376868780011576e-10,4.54987592966437945e-11,8.83680210973715164e-11,-6.86090232980843768e-11,-2.92632508551606815e-10,4.50132986421552365e-11,8.84307660549182671e-11,-6.90791967850892008e-11,-6.74504957925166188e-13,-2.48977694757432979e-13,4.66318771094361397e-13,-7.14661071500315071e-13,-5.90065605699643192e-13,-1.69169386311210017e-13,-8.24340045824165811e-14,-3.56649679347829234e-14,7.14661071500315071e-13,5.90065605699643192e-13,1.03397576569128459e-25,18,3,1,5.76460752303513600e+17
24,-1.15763981014442302e-10,1.82733239680092791e-11,3.55481984044019287e-11,-2.77165803478703500e-11,-1.15855670194105850e-10,1.81377373693327771e-11,3.54180873809853536e-11,-2.76906777847539502e-11,-1.14261303888671937e-10,1.98607603062053790e-11,3.60489516523163011e-11,-2.82640259378120046e-11,1.50267712577036503e-12,1.58743633819609980e-12,5.00753247914372451e-13,-5.47445589941654538e-13,8.33639796115869588e-13,4.69360551687993958e-13,2.18915750248051201e-13,1.08825720427261975e-13,1.58743633819609980e-12,8.33639796115869588e-13,6.46234853557052871e-26,18,3,1,5.76460752303513600e+17
25,-4.50195106774631107e-11,7.22992240263191839e-12,1.40791952059265024e-11,-1.10150063139712298e-11,-4.55097425633532168e-11,7.45039802338022719e-12,1.37698362338839404e-11,-1.07075112739344458e-11,-4.68810330875732745e-11,6.75523674554429262e-12,1.37990050592594139e-11,-1.12653139292150770e-11,-1.86152241011016384e-12,-4.74685657087625774e-13,-2.80190146667088501e-13,-2.50307615243847157e-13,2.66089551753502409e-13,-5.85843299507022309e-14,-3.95289190625877529e-14,-2.58353785666599984e-14,1.86152241011016384e-12,2.66089551753502409e-13,1.93870456067115861e-26,18,3,1,5.76460752303513600e+17
26,-1.71898466787789104e-11,2.80392102544569870e-12,5.46560132979413568e-12,-4.29044569931853576e-12,-2.04493769308645289e-11,2.71888320397251354e-12,5.34545228425156895e-12,-4.13640205036504554e-12,-1.88540226800860214e-11,4.60425987007348023e-12,4.47010658521923109e-12,-4.70048758539751501e-12,-1.66417600130711096e-12,1.80033884462778153e-12,-9.95494744574904598e-13,-4.10041886078979253e-13,-2.77119330534355234e-13,-2.65731123553973747e-13,-1.22803591842632474e-13,-6.47501201206844148e-14,1.80033884462778153e-12,2.77119330534355234e-13,2.82727748431210631e-27,18,3,1,5.76460752303513600e+17
27,-6.45742061096449562e-12,1.06733503122120855e-12,2.08239290804365779e-12,-1.63974754805394609e-12,-7.26642178859917023e-12,1.97671847078884451e-12,2.92931062285791697e-12,-2.04859313579596437e-12,-8.05112568114584711e-12,1.11676116533423909e-12,2.73821086860829261e-12,-1.14835773171568963e-12,-1.59370507018135150e-12,4.94261341130305393e-14,6.55817960564634819e-13,4.91389816338256460e-13,-2.42397424157175804e-12,-1.08231121124934144e-12,-5.13999581041660438e-13,-2.48470652734604500e-13,1.59370507018135150e-12,2.42397424157175804e-12,3.23117426778526435e-27,18,3,1,5.76460752303513600e+17
28,-2.39316871577284678e-12,3.99676906201716261e-13,7.80377022388014498e-13,-6.16163928813499640e-13,-2.20160415060301487e-12,3.92073686916573290e-13,9.60519107827869152e-13,-7.18794425949994052e-13,-4.40850724280109094e-12,-1.09518573673390904e-12,-6.12399486911812993e-13,-4.82634816282791661e-12,-2.01533852702824417e-12,-1.49486264293562540e-12,-1.39277650929982749e-12,-4.21018423401441697e-12,3.50563592477108106e-13,3.15873903575651549e-13,1.42128234391722222e-13,7.18548498131543586e-14,4.21018423401441697e-12,3.50563592477108106e-13,2.01948391736579022e-27,18,3,1,5.76460752303513600e+17
29,-8.78083421131077142e-13,1.47670832761263287e-13,2.88503400259078861e-13,-2.28291118719632888e-13,-2.88955335315252653e-12,-2.81449301031109085e-13,4.14021551813282667e-13,-4.29392117827435186e-13,-1.74933401008777339e-12,1.61672377163915221e-12,-7.89738280600673158e-13,-8.00857411450012355e-13,-8.71250588956696244e-13,1.46905293887788899e-12,-1.07824168085975212e-12,-5.72566292730379467e-13,-6.02408670109200013e-13,-2.05711340556844796e-13,-1.05479588874271185e-13,-4.73491873756326635e-14,1.46905293887788899e-12,6.02408670109200013e-13,8.07793566946316089e-28,18,3,1,5.76460752303513600e+17
30,-3.20288251881281637e-13,5.40347603929604632e-14,1.05609288711511307e-13,-8.36950334962091262e-14,1.71017059200037074e-12,4.05935130215283590e-13,3.25122156528854898e-13,-4.72332982433850020e-13,3.05576418288319793e-12,6.76907483185751823e-12,1.64345152813611120e-12,-3.05500141877938391e-12,3.37605243476447952e-12,6.71504007146455744e-12,1.53784223942460000e-12,-2.97130638528317466e-12,1.02388777122256676e-12,7.98727012541450980e-13,3.96880704498250198e-13,2.07552929013947344e-13,6.71504007146455744e-12,1.02388777122256676e-12,6.05845175209737067e-28,18,3,1,5.76460752303513600e+17
31,-1.16674530956598332e-13,1.96668870953587101e-14,3.84446920424048195e-14,-3.04900960649574635e-14,5.05576980895755083e-14,4.59900135803228974e-13,-2.23549174254762855e-12,1.25504708625375943e-12,-1.13790250335498787e-12,-9.56841857420411747e-13,-6.58224739643306660e-13,1.17608278553134535e-13,-1.02122797239838947e-12,-9.76508744515770457e-13,-6.96669431685711505e-13,1.48098374618092005e-13,1.85763359393582351e-12,4.82401925514181350e-13,1.66367231340084148e-13,5.41649897467431332e-14,1.02122797239838947e-12,1.85763359393582351e-12,8.07793566946316089e-28,18,3,1,5.76460752303513600e+17
32,-4.26446680846722409e-14,7.15416629377328178e-15,1.39837768713501236e-14,-1.10894069902979333e-14,-2.33197136977505933e-12,4.25766920139412156e-13,8.20811374400130578e-13,-3.23819986372910850e-13,-6.73606521024811433e-12,1.95268263956705773e-12,4.66526966704085581e-12,-1.99524299819476273e-12,-6.69342054216344222e-12,1.94552847327328432e-12,4.65128589016950582e-12,-1.98415359120446479e-12,-1.58641888780260006e-12,-8.53385262631417768e-13,-3.76156321126167772e-13,-1.78622160542609267e-13,6.69342054216344222e-12,1.58641888780260006e-12,5.04870979341447555e-28,18,3,1,5.76460752303513600e+17
33,-1.57048119905327668e-14,2.61356432396442070e-15,5.10693935560721644e-15,-4.04621225771501027e-15,-1.91274021568024562e-12,1.15746462508037146e-12,1.20801882949998074e-12,-9.34864954308174075e-13,3.59443419549829132e-12,-4.61226108801512127e-13,5.26352294288363136e-12,1.47326445476858382e-12,3.61013900748882397e-12,-4.63839673125476541e-13,5.25841600352802451e-12,1.47731066702629886e-12,-3.74854069728030699e-12,-1.32542623016074105e-12,-6.34412998917915619e-13,-2.98533813437152741e-13,5.25841600352802451e-12,3.74854069728030699e-12,8.07793566946316089e-28,18,3,1,5.76460752303513600e+17
34,-5.84567064253036372e-15,9.62948896833192245e-16,1.88065515100871344e-15,-1.48764198431439220e-15,4.01266113982376303e-12,-2.33621906617574000e-13,-6.37888630925011560e-13,7.34811040287728284e-13,1.14457729480649686e-11,3.91102176464430240e-12,-7.37945770418368246e-12,5.65494204996978055e-12,1.14516186187074994e-11,3.91005881574746961e-12,-7.38133835933469119e-12,5.65642969195409515e-12,1.34564096595929402e-12,5.25320641665925510e-13,1.75685947131685155e-13,6.90943691359053871e-14,1.14516186187074994e-11,1.34564096595929402e-12,1.21169035041947413e-27,18,3,1,5.76460752303513600e+17
35,-2.20254909127303181e-15,3.58905137156158444e-16,7.00508721264818802e-16,-5.52975506290428909e-16,9.92385161327218571e-12,7.46110257728549686e-13,-5.31542857535697982e-13,5.49327722501172432e-13,-1.82679290486940405e-12,2.65973073885938211e-12,1.07532701090973186e-11,6.46686383205769074e-13,-1.82459035577813103e-12,2.65937183372222581e-12,1.07525696003760540e-11,6.47239358712059481e-13,3.82164185049370860e-12,1.54425371218784749e-12,7.63286205196577112e-13,3.72706257296436632e-13,1.07525696003760540e-11,3.82164185049370860e-12,1.61558713389263218e-27,18,3,1,5.76460752303513600e+17
36,-8.39800970625538873e-16,1.35491706072061696e-16,2.64280783123615139e-16,-2.08161749455312839e-16,-1.43823360365078094e-11,-4.14232411042711448e-13,-2.37559553034585094e-12,2.00446484234031530e-12,-2.16099215061571061e-11,1.43265053604918323e-12,-6.94187070812815436e-12,9.71592432807780510e-12,-2.16090817051864806e-11,1.43251504434311112e-12,-6.94213498891127764e-12,9.71613248982726007e-12,5.78642629999133671e-12,1.69713214286772553e-12,8.31435554649857272e-13,3.71162017870943450e-13,2.16090817051864806e-11,5.78642629999133671e-12,2.01948391736579022e-27,18,3,1,5.76460752303513600e+17
37,-3.23416912007495896e-16,5.17758742916651196e-17,1.00932413325583815e-16,-7.93394241730044280e-17,-3.01108728892834129e-11,2.54873943924180163e-12,2.26522288819947447e-12,-6.18732584058262130e-13,-2.03368150014264287e-11,3.04581739727364032e-12,2.59956836180250122e-13,-5.44346384356696439e-12,-2.03364915845144213e-11,3.04576562139934879e-12,2.59855903766924541e-13,-5.44338450414279107e-12,-3.71511459035374215e-12,-2.13138314409176186e-12,-9.10410013898337276e-13,-4.40744647220673552e-13,2.03364915845144213e-11,3.71511459035374215e-12,1.29246970711410574e-26,18,3,1,5.76460752303513600e+17
38,-1.25429813910383787e-16,1.99826116378380327e-17,3.89374071209437338e-17,-3.05589343068198844e-17,-1.32429123468436536e-11,5.07703591995777923e-12,4.91650541982442684e-12,-2.13627020926902956e-12,-5.78188374540485513e-12,7.03879053785973233e-12,1.73388827048090274e-11,2.75184265487575718e-13,-5.78175831559094456e-12,7.03877055524809447e-12,1.73388437674019073e-11,2.75214824421882545e-13,3.72951649021920726e-12,2.86082462200161948e-12,1.51896763300488163e-12,7.98576025928786345e-13,1.73388437674019073e-11,3.72951649021920726e-12,1.61558713389263218e-27,18,3,1,5.76460752303513600e+17
39,-4.88236411226533288e-17,7.76398965434759813e-18,1.51247183822496435e-17,-1.18582683874886289e-17,-1.39303148100390644e-11,2.94733476572520553e-12,-5.45267607095486820e-13,1.31198959428003245e-12,-3.19357332058884927e-11,-3.39454414359892924e-11,-6.52240757415731792e-12,1.01637957175214955e-11,-3.19356843822473712e-11,-3.39454491999789453e-11,-6.52242269887569992e-12,1.01638075757898835e-11,5.32028862946986204e-12,2.12687001514951182e-12,9.60611474633208130e-13,4.48105428024980093e-13,3.39454491999789453e-11,5.32028862946986204e-12,3.23117426778526435e-27,18,3,1,5.76460752303513600e+17
40,-1.90133876121505153e-17,3.02616615935443280e-18,5.89466396549571297e-18,-4.61972432076941464e-18,-4.99811170832805538e-11,-1.03385298781705610e-11,-2.84414029947224403e-12,1.27682806816903691e-12,-5.13426131192992611e-11,-2.91474482195546962e-11,7.56122452874635527e-12,6.44414950028950703e-12,-5.13425941059116486e-11,-2.91474512457208570e-11,7.56121863408238898e-12,6.44415412001382769e-12,6.84729447913067801e-12,2.45134445936432640e-12,1.26153557411932524e-12,6.09033710751676231e-13,5.13425941059116486e-11,6.84729447913067801e-12,4.03896783473158044e-28,18,3,1,5.76460752303513600e+17
41,-7.38803518259480892e-18,1.17939055594730970e-18,2.29749322154727216e-18,-1.80080618834360974e-18,-5.09144608929206604e-11,-5.13166426158874424e-12,1.73078682689614669e-12,-2.39526843621199220e-12,-7.49233214655164748e-11,1.61217991526246261e-12,5.69787558827102344e-12,-1.55377479839561835e-11,-7.49233140774812955e-11,1.61217873587190659e-12,5.69787329077780184e-12,-1.55377461831499948e-11,-4.37407355312540197e-12,-1.03823236215346995e-12,-3.44592731419350701e-13,-1.17743836795885480e-13,7.49233140774812955e-11,4.37407355312540197e-12,1.61558713389263218e-27,18,3,1,5.76460752303513600e+17
42,-2.85883184306068229e-18,4.58383067572747604e-19,8.93112824779686852e-19,-7.00419726678627468e-19,-5.39406899165036014e-11,1.21177481163181246e-11,1.45929362019889817e-11,-7.67556611690111821e-12,-1.52341653297691567e-11,-4.78299398128039694e-12,3.01012742207480585e-11,-2.63775801806632469e-11,-1.52341624709373137e-11,-4.78299443966346478e-12,3.01012733276352316e-11,-2.63775794802435202e-11,-1.57815599206201699e-11,-4.03824629458253039e-12,-1.86218332619136944e-12,-7.66928614860420413e-13,3.01012733276352316e-11,1.57815599206201699e-11,6.46234853557052871e-27,18,3,1,5.76460752303513600e+17
43,-1.10030905271703387e-18,1.77332052905478742e-19,3.45604816870253087e-19,-2.71267371197261477e-19,3.87525713948635444e-11,1.02512552248794321e-11,2.17211042316424158e-11,-1.30376044731699779e-11,2.51896587656572567e-11,-2.64048349249112000e-11,4.96467242031415095e-11,-1.43366326859638359e-11,2.51896598659663095e-11,-2.64048351022432524e-11,4.96467238575366931e-11,-1.43366324146964649e-11,-3.39829160513980614e-11,-1.03760044935003229e-11,-5.04879703707074452e-12,-2.22943798076403309e-12,4.96467238575366931e-11,3.39829160513980614e-11,6.46234853557052871e-27,18,3,1,5.76460752303513600e+17
44,-4.21006883810511684e-19,6.82108782731510789e-20,1.32977450086618003e-19,-1.04479591612887020e-19,9.34757145333310759e-11,9.02951657194909913e-13,1.46881929612838829e-11,-9.49947065741919545e-12,1.23568642716386591e-10,-3.56601976410072273e-11,2.68982865227262591e-11,4.02272403805960582e-11,1.23568643137393476e-10,-3.56601977092181045e-11,2.68982863897488105e-11,4.02272404850756516e-11,3.87767197589740460e-11,2.58877268705286665e-11,1.26058284012329609e-11,6.52040893351981881e-12,1.23568643137393476e-10,3.87767197589740460e-11,2.26182198744968505e-26,18,3,1,5.76460752303513600e+17
45,-1.60162963388240257e-19,2.60770478315249983e-20,5.08530308939613455e-20,-3.99967548445229791e-20,9.02116916243880231e-11,-1.08929314231850322e-11,-1.17011468145646394e-11,8.48030590994159772e-12,7.97340716887297549e-11,2.29458043230970867e-11,-4.41627237290630405e-11,-6.16603851823326496e-11,7.97340718488927174e-11,2.29458042970200401e-11,-4.41627237799160689e-11,-6.16603851423358949e-11,1.55400105426331812e-11,3.96858823607784383e-12,1.33962675581282835e-12,5.21453648619374520e-13,7.97340718488927174e-11,1.55400105426331812e-11,1.77714584728189540e-26,18,3,1,5.76460752303513600e+17
46,-6.06186371904670917e-20,9.91061778969064881e-21,1.93322739144988045e-20,-1.52201883106215985e-20,1.02157837898546949e-10,6.03934568028006958e-12,-2.68668127469206056e-13,-2.00666210951149365e-12,6.58298153434774923e-11,-4.08327657493922338e-11,2.78719235559674008e-11,5.59790012706066850e-11,6.58298154040961310e-11,-4.08327657593028527e-11,2.78719235366351268e-11,5.59790012858268729e-11,-1.42344823588026815e-11,-6.71002988760511431e-12,-3.05309601044237702e-12,-1.45818640865096707e-12,6.58298154040961310e-11,1.42344823588026815e-11,1.69636649058726379e-26,18,3,1,5.76460752303513600e+17
47,-2.28490526106154753e-20,3.74714482810110356e-21,7.31115795144279825e-21,-5.76091017018394362e-21,9.65292106724213993e-11,-8.87129275834320440e-12,6.49166400804913471e-12,-4.12308086195610889e-12,1.10915227924771001e-10,-1.19936236166462007e-10,5.77896815655695233e-11,3.10614022038748910e-11,1.10915227947620056e-10,-1.19936236170209161e-10,5.77896815582583647e-11,3.10614022096358033e-11,2.67345141290100094e-12,3.25564637323628907e-12,1.77647439327126045e-12,9.75798963038036104e-13,1.19936236170209161e-10,3.25564637323628907e-12,1.13091099372484252e-26,18,3,1,5.76460752303513600e+17
48,-8.58847623377764526e-21,1.41106692074679139e-21,2.75365186657542669e-21,-2.17116628298729980e-21,1.03048043848281431e-10,-3.38332194538419728e-11,-1.22612781987855302e-11,7.30251321327067665e-12,1.72151950325835280e-11,8.30498543438379973e-12,-8.26713161640443985e-11,7.37763994377192148e-11,1.72151950411720053e-11,8.30498543297273300e-12,-8.26713161667980440e-11,7.37763994398903830e-11,1.41498836163496917e-11,4.13066981342876197e-12,1.69677876304799490e-12,6.84506578161201695e-13,8.26713161667980440e-11,1.41498836163496917e-11,1.93870456067115861e-26,18,3,1,5.76460752303513600e+17
49,-3.22389619552652794e-21,5.29965002938910741e-22,1.03431320798829598e-21,-8.15846824574936825e-22,-8.83056915831737933e-12,-1.07316906910503790e-11,-1.66448435877032086e-12,-1.69143052087889379e-12,1.94378322072352899e-10,-9.15914050399263220e-11,8.35046884277478265e-11,-5.27477348300433774e-12,1.94378322075576784e-10,-9.15914050404562863e-11,8.35046884267135147e-11,-5.27477348218849127e-12,3.22916448949371848e-11,1.46154113175372284e-11,7.82863409620555156e-12,3.98455690817412365e-12,1.94378322075576784e-10,3.22916448949371848e-11,1.29246970711410574e-26,18,3,1,5.76460752303513600e+17
