block,pre_disagreement_inf_max,post_disagreement_inf_max,post_common_error_abs_max,post_total_error_inf_max,bootstrap_added_common_abs_max,bootstrap_added_disagreement_inf_max,bootstrap_added_total_inf_max
0,1.1324274851176597e-14,2.0594637106796654e-13,1.8494095144205858e-12,1.9506618542664e-12,1.8467449791614854e-12,2.0844437287337314e-13,1.9417800700693988e-12
1,1.563749130184533e-13,3.2335245592207684e-13,1.425970452828551e-12,1.5966672428646689e-12,1.4084289290394736e-12,3.7692071686024065e-13,1.6964762927784705e-12
2,2.769590112805531e-13,3.896327704921987e-13,8.754941216437828e-13,1.0503264924466293e-12,8.186784583585904e-13,4.709010958947601e-13,1.2174705688039467e-12
3,4.2099657093785936e-13,4.791722574282176e-13,5.233036226570675e-13,9.873490913747673e-13,4.3634540425330215e-13,3.8316572137375715e-13,7.095574128257454e-13
4,4.2078146522683824e-13,5.930290980504793e-13,2.9957286651338677e-13,5.763445276585344e-13,2.8555630082749417e-13,5.884112641574291e-13,5.492169219412091e-13
5,2.5503557599115823e-13,3.272226239969811e-13,1.9013263186096196e-13,4.873410702765923e-13,2.4528643005616857e-13,4.576582168791532e-13,7.029446469353218e-13
6,2.1290781637706147e-13,3.512615545653297e-13,1.471444494027807e-13,3.6154846477787217e-13,2.1333022154346182e-13,4.756152069407271e-13,6.060039622890478e-13
7,7.17959545981639e-13,6.972419603484825e-13,2.046626756957437e-13,6.912667053354804e-13,2.4730131137351563e-13,9.5214634787677e-13,1.109920098538164e-12
8,4.169080445454165e-13,5.508373705082059e-13,2.6552382254713125e-13,8.163611930553372e-13,1.5093460335735553e-13,9.4086554953271e-13,9.643466038732063e-13
9,5.287732870919853e-13,5.082775563283737e-13,2.7710513462834985e-13,5.411567461505173e-13,2.3349670721234395e-13,7.930945939045586e-13,1.0265913011169026e-12
10,6.444377299050057e-13,1.0479721067714956e-12,3.2476804448858254e-13,1.0974518955273252e-12,3.9078846224543246e-13,1.2491233091285747e-12,1.3908120531994084e-12
11,9.704174651890309e-13,1.0695848673164966e-12,1.6787116605110862e-13,1.2091203757083786e-12,3.8352521570909903e-13,2.0400023325055274e-12,1.8142847470816468e-12
12,1.160039775792898e-12,1.303991184576172e-12,6.294324226597831e-13,1.358098072071429e-12,9.76293252276004e-13,1.6830236384301795e-12,2.09026307547433e-12
13,1.6124892694420294e-12,9.187961857130963e-13,5.211737019835056e-13,1.0888426446046195e-12,1.2516200297966486e-12,1.6828789652027884e-12,1.819778302927875e-12
14,1.2601336801340042e-12,2.5943929992394433e-12,9.540829256568246e-13,3.548475924896268e-12,1.190678676971969e-12,3.8545266793734475e-12,4.049385819878109e-12
15,1.6086543317438025e-12,2.8627205181002826e-12,5.080070812382608e-13,2.613458109778109e-12,8.652454239462272e-13,3.730379914954236e-12,3.833390463852676e-12
16,1.8385186908130653e-12,2.2034857819160146e-12,1.6199169557254296e-12,3.2659012393883547e-12,1.9730436659880037e-12,3.4572542710257648e-12,5.39646709897853e-12
17,3.1513345798226333e-12,2.506175823020975e-12,5.505492604832988e-13,2.6339613107502757e-12,1.9102974210412454e-12,3.0318577494791116e-12,4.942155170520357e-12
18,4.624859623567545e-12,2.623903390190786e-12,1.0247273861839596e-12,2.8483493940378168e-12,2.4849681252747453e-12,5.049504389672091e-12,4.8453979506230374e-12
19,3.911692009442277e-12,2.730256960712578e-12,2.738224943129457e-12,4.6451948784244864e-12,1.3311923906406455e-12,5.818661944737306e-12,6.677674139435934e-12
20,4.703228950090575e-12,7.16613593495763e-12,2.903952900249164e-12,8.19270038728367e-12,3.6298142054413434e-12,9.136781310060487e-12,1.0763328912665107e-11
21,3.934515031129865e-12,7.256077145044789e-12,4.423355611681685e-12,1.072800736796056e-11,3.913870089069891e-12,1.0409183901874059e-11,1.0835894348157638e-11
22,1.1472847048746124e-11,5.060832288679515e-12,2.787368194595199e-12,6.168856162254271e-12,4.502590295993444e-12,1.5556451635491996e-11,1.3583801844569484e-11
23,5.7513882653756764e-12,7.79383234054392e-12,5.32015356138863e-12,7.81742203950204e-12,9.579413577678794e-12,1.0992959719777247e-11,1.7107602645939787e-11
24,1.1619024110370373e-11,9.124242589382946e-12,5.415298549488487e-12,1.1675133152193174e-11,3.301334936708333e-12,2.0743266699753316e-11,1.9359777325481152e-11
25,1.1003620049739595e-11,1.1735617412538054e-11,4.067926601934482e-12,1.2516225645177385e-11,4.401604293822697e-12,1.9205762789935694e-11,1.8627950853497594e-11
26,1.175862035207381e-11,1.3829197786311574e-11,6.417491743239857e-12,1.65585340936052e-11,2.828595968894347e-12,1.9649458252905162e-11,2.2259164776011535e-11
27,1.917843802108717e-11,1.343669317557005e-11,6.5304626963169456e-12,1.5592626381514066e-11,8.839024677781293e-12,2.3957082722366453e-11,2.975550336160171e-11
28,2.6755338502661816e-11,1.3754588847530687e-11,7.223744347755266e-12,1.6990266979485808e-11,1.1262073721284782e-11,2.6481675452582168e-11,3.0900888398420156e-11
29,2.0679418698689194e-11,2.2538390267584768e-11,5.319638416518009e-12,2.2664342844192585e-11,1.2618672545996937e-11,3.6525717798938655e-11,3.474762625054941e-11
30,3.0834178504717815e-11,2.4729871323580006e-11,1.968973641883907e-11,3.118829575585541e-11,1.458975937780414e-11,3.929567898191591e-11,4.5546112106884846e-11
31,4.2352650851437005e-11,5.0000963139832985e-11,1.2016226237952779e-11,4.548430675245398e-11,1.2955644606813958e-11,6.368485535862635e-11,5.0995351890186724e-11
32,4.713047141405215e-11,4.5577368116211824e-11,2.652608651062439e-11,6.450532750108682e-11,2.0698292880724068e-11,6.041926608019154e-11,8.11175589609156e-11
33,3.955871678426178e-11,4.698997755753836e-11,1.812147319853697e-11,5.347475083324235e-11,2.6941153360752348e-11,7.072191009043622e-11,7.622588957528993e-11
34,5.4024162296178904e-11,7.171960102210912e-11,2.0821855748426863e-11,6.780775979350693e-11,2.051171857661751e-11,7.874521121203973e-11,8.060643501885175e-11
35,6.438451264525574e-11,5.150837746295577e-11,4.966016455961034e-11,7.856700089450752e-11,6.87707254939375e-11,1.0334995766281757e-10,1.2546348040797922e-10
36,7.217190381775019e-11,7.223707351533782e-11,2.5311261121094313e-11,7.676533435102662e-11,2.7754861354098846e-11,7.835734411561058e-11,9.619913495699555e-11
37,7.256172570346948e-11,1.092693016581537e-10,2.0161965349970554e-11,1.2570685867332135e-10,6.001071928307254e-11,1.818310273616232e-10,1.8887431216990326e-10
38,8.407525958629952e-11,1.4147006813489154e-10,8.207668520356163e-11,2.2354675333845317e-10,7.660411507021244e-11,1.690084694605047e-10,2.0861783947285232e-10
39,1.199646597181938e-10,1.5969579241275225e-10,8.759003995331858e-11,1.5324544496465094e-10,1.872342860301171e-11,1.7498996813680452e-10,1.732601992818498e-10
40,1.874025393374515e-10,1.7474180906246996e-10,1.0290654643473213e-10,1.8101225291010607e-10,8.307521114723496e-11,2.243900761994969e-10,2.9539366435785585e-10
41,2.3492802167117285e-10,2.6673277162831533e-10,7.193957058819811e-11,2.5700457554377933e-10,1.2239671238564848e-10,3.285506210155836e-10,3.712342152733052e-10
42,2.290610787133925e-10,1.5727736162485779e-10,7.763926957489511e-11,2.1976677138169938e-10,7.854128958882274e-11,2.669833632513663e-10,3.0607062907569926e-10
43,2.8746326779991655e-10,2.8019762353536386e-10,7.116351802144417e-11,3.0581886000239864e-10,2.3745219587003084e-10,4.171846560429645e-10,4.760654550351991e-10
44,2.6355284047421775e-10,3.639059879983618e-10,9.486249095148797e-11,3.4481463284764993e-10,2.341056182146339e-10,3.6629613159416873e-10,5.911012610989166e-10
45,3.7015483302681425e-10,4.5089540934492325e-10,2.354104119663992e-10,4.863056272515913e-10,2.681577550761831e-10,6.633748382327458e-10,6.726092733048805e-10
46,5.90948805044962e-10,3.514852289652421e-10,1.0796367203875107e-10,4.480737508391669e-10,2.51697485156318e-10,6.385849186988559e-10,7.729295815721638e-10
47,4.870855677207328e-10,4.5550816880583743e-10,2.8749526859580235e-10,7.415313578882103e-10,3.1518186323192535e-10,2.6638263225429857e-10,5.564969949421585e-10
48,5.95651916041639e-10,7.826630844785489e-10,4.17121567562403e-10,9.310451090681209e-10,2.1479121455560758e-10,9.82558968063418e-10,1.0618175787667663e-09
49,8.249795357099433e-10,9.395032069785056e-10,5.746624720289989e-10,1.0629711301084717e-09,4.5984033027602444e-10,1.5015308073674931e-09,1.4525413353159355e-09
