block,u_evaluation_ms,u4_bootstrap_ms,reconstruction_ms,full_block_ms
0,1.50851682999999980e+02,2.75831537499999968e+03,5.54389550000000000e+01,3.04551068299999997e+03
1,6.37870670000000004e+01,2.55256363800000008e+03,4.55664950000000033e+01,2.72067383199999995e+03
2,6.80299019999999928e+01,2.48841187700000000e+03,4.52526750000000035e+01,2.66079119799999989e+03
3,6.92950580000000116e+01,2.57421576700000014e+03,4.91434380000000033e+01,2.75202798900000016e+03
4,6.93539090000000016e+01,2.51299159099999997e+03,4.67333410000000029e+01,2.68564279699999997e+03
5,7.77487560000000002e+01,2.70344975500000010e+03,5.50631440000000012e+01,2.89658392199999980e+03
6,7.13309249999999935e+01,2.66261893599999985e+03,5.41156829999999971e+01,2.84782899799999996e+03
7,7.73488519999999937e+01,2.74531723099999954e+03,5.81038970000000035e+01,2.94235069000000021e+03
8,8.13255690000000016e+01,2.75084578999999985e+03,5.39569580000000002e+01,2.94664340300000003e+03
9,7.84918920000000071e+01,2.82024748300000010e+03,8.27668970000000002e+01,3.04125604199999998e+03
10,8.19083159999999992e+01,2.76022443100000010e+03,5.50506090000000015e+01,2.95781611900000007e+03
11,7.12443629999999928e+01,2.95007062899999983e+03,5.22548880000000011e+01,3.13177379199999996e+03
12,7.86245490000000018e+01,2.62245004999999992e+03,5.06865600000000001e+01,2.81166028499999993e+03
13,7.52381599999999935e+01,2.72717423599999984e+03,5.26579449999999980e+01,2.91493227600000000e+03
14,7.64534139999999951e+01,2.89004984500000000e+03,5.59138260000000002e+01,3.08311969700000009e+03
15,7.79326020000000028e+01,2.65759395499999982e+03,5.33239269999999976e+01,2.85001618000000008e+03
16,7.25250649999999979e+01,2.80818023999999969e+03,5.07160620000000009e+01,2.99053373999999985e+03
17,7.89040990000000022e+01,2.95948338500000000e+03,5.62980280000000022e+01,3.15636832400000003e+03
18,7.94391150000000010e+01,2.77678585299999986e+03,5.61267980000000009e+01,2.97406611299999986e+03
19,7.97853509999999915e+01,2.62417641099999992e+03,5.27947040000000030e+01,2.81794074199999977e+03
20,7.93169989999999956e+01,3.03157186899999988e+03,5.51624109999999988e+01,3.22721647600000006e+03
21,7.67762390000000039e+01,2.87510241300000007e+03,5.20385970000000029e+01,3.06833534400000008e+03
22,7.68501890000000003e+01,2.67201907000000028e+03,6.07827399999999969e+01,2.86880464100000017e+03
23,8.52596900000000062e+01,2.83233143299999983e+03,5.42999569999999991e+01,3.03605915499999992e+03
24,7.92305240000000026e+01,2.91044325500000014e+03,5.63916400000000024e+01,3.10922709200000008e+03
25,7.79204790000000003e+01,2.72799813900000026e+03,5.63422440000000009e+01,2.92430637500000012e+03
26,7.90447880000000112e+01,2.82537123700000029e+03,5.53037980000000005e+01,3.02043725200000017e+03
27,8.07827650000000119e+01,2.66104166200000009e+03,5.27089130000000026e+01,2.85631998400000020e+03
28,7.69417809999999918e+01,2.71537356699999964e+03,5.12274760000000029e+01,2.90294855599999983e+03
29,7.69445790000000045e+01,2.69938132099999984e+03,5.33964390000000009e+01,2.89368081600000005e+03
30,7.53617329999999868e+01,2.96560841400000027e+03,5.49997929999999968e+01,3.15456134100000008e+03
31,1.04491080000000011e+02,2.91306102199999987e+03,5.53969799999999992e+01,3.15127084500000001e+03
32,7.87099719999999934e+01,2.65541044099999999e+03,4.84060810000000004e+01,2.84078855599999997e+03
33,7.43557289999999966e+01,2.59913223799999969e+03,5.03035959999999989e+01,2.78167210200000000e+03
34,6.91174330000000054e+01,2.65457940300000018e+03,5.84216819999999970e+01,2.83985172000000011e+03
35,8.27495519999999942e+01,2.74732253099999980e+03,5.84335859999999983e+01,2.94795593199999985e+03
36,8.03834140000000019e+01,2.93661503799999991e+03,6.46848449999999957e+01,3.14253278300000011e+03
37,8.19396579999999943e+01,2.79345266200000015e+03,5.52198300000000017e+01,2.99064487199999985e+03
38,8.01368760000000009e+01,2.66620526999999993e+03,5.54695729999999969e+01,2.86262808499999983e+03
39,7.50108790000000027e+01,2.95208484099999987e+03,5.87082210000000018e+01,3.14724796400000014e+03
40,7.97151839999999936e+01,3.03575312200000008e+03,6.01441810000000032e+01,3.23652312799999982e+03
41,8.22470820000000060e+01,2.67631659300000001e+03,5.23751409999999993e+01,2.87213492499999984e+03
42,7.88904349999999965e+01,2.67093494400000009e+03,5.52242000000000033e+01,2.86338562700000011e+03
43,7.98857119999999981e+01,2.70313317000000006e+03,5.38189059999999984e+01,2.89718724100000009e+03
44,7.41132389999999930e+01,2.72389170900000045e+03,4.93584450000000032e+01,2.90830843999999979e+03
45,7.94723460000000017e+01,2.90742880100000002e+03,5.57326219999999992e+01,3.10506555399999979e+03
46,7.93283059999999978e+01,2.83770288600000003e+03,6.99148950000000013e+01,3.04810157799999979e+03
47,1.04553020000000004e+02,2.80241859900000009e+03,5.03353350000000006e+01,3.02748064400000021e+03
48,7.54349029999999914e+01,2.74079847900000004e+03,5.32393080000000012e+01,2.92692736599999989e+03
49,7.70682690000000008e+01,2.89362977500000034e+03,5.25333899999999971e+01,3.08340577399999984e+03
50,7.90560250000000053e+01,2.68448322300000018e+03,5.69671310000000020e+01,2.87860754499999985e+03
51,7.87516249999999900e+01,2.72056205199999977e+03,5.54281810000000021e+01,2.91503952100000015e+03
52,7.72525150000000025e+01,2.68529167299999972e+03,4.90682150000000021e+01,2.86970184500000005e+03
53,7.56396110000000022e+01,2.65034707299999991e+03,5.24495950000000022e+01,2.83774826399999984e+03
54,7.94093080000000100e+01,2.75510455700000011e+03,5.99054989999999989e+01,2.95466911299999992e+03
55,8.98383440000000064e+01,2.84714525400000002e+03,5.28608469999999997e+01,3.05801193400000011e+03
56,7.99342550000000074e+01,2.61504347899999993e+03,5.16954369999999983e+01,2.80676646900000014e+03
57,8.00708130000000011e+01,2.69636317400000007e+03,4.98253979999999999e+01,2.88215214000000014e+03
58,7.77326840000000061e+01,2.57356635300000016e+03,5.29785559999999975e+01,2.76318219499999987e+03
59,7.81513410000000022e+01,2.70999533599999995e+03,5.56751330000000024e+01,2.90296800799999983e+03
60,7.51312089999999984e+01,2.68043832399999974e+03,5.08948060000000027e+01,2.86688682699999981e+03
61,7.65601650000000120e+01,2.73311458700000003e+03,5.07352119999999971e+01,2.91890145799999982e+03
62,7.64833959999999990e+01,2.70147666200000003e+03,6.28394679999999966e+01,2.90043004000000019e+03
63,8.10000890000000027e+01,2.66561920199999986e+03,5.70208089999999999e+01,2.86830198500000006e+03
64,8.55329930000000047e+01,2.68745605299999988e+03,5.37503870000000035e+01,2.88809931199999983e+03
65,7.73725450000000023e+01,2.64303136700000005e+03,5.46287090000000006e+01,2.83537549900000022e+03
66,7.41929999999999978e+01,2.61489797199999975e+03,5.49010880000000014e+01,2.80309674099999984e+03
67,7.46922610000000020e+01,2.59928330400000004e+03,5.49324399999999997e+01,2.78920214100000021e+03
68,7.51572060000000022e+01,2.61353777300000002e+03,5.44130180000000010e+01,2.80046966900000007e+03
69,7.56945639999999997e+01,2.67690348099999983e+03,5.34473309999999984e+01,2.86667738000000008e+03
70,8.01572189999999978e+01,2.65834286699999984e+03,4.92643160000000009e+01,2.84827958300000000e+03
71,8.01152529999999956e+01,2.67235702899999978e+03,5.50538430000000005e+01,2.86835471000000007e+03
72,7.69936000000000007e+01,2.63616860199999974e+03,4.53515719999999973e+01,2.81787820300000021e+03
73,7.41443240000000117e+01,2.64091733500000009e+03,5.04241779999999977e+01,2.82382437600000003e+03
74,7.44930350000000061e+01,2.64888364399999955e+03,5.51286070000000024e+01,2.83638082799999984e+03
75,7.93309859999999958e+01,2.63841926100000001e+03,4.59535580000000010e+01,2.82159881099999984e+03
76,7.40355119999999971e+01,2.58933117200000015e+03,5.36465150000000008e+01,2.77504483799999980e+03
77,7.91393390000000068e+01,2.61423164999999972e+03,5.27234300000000005e+01,2.80385518899999988e+03
78,7.54637359999999973e+01,2.64620228000000043e+03,5.38913390000000021e+01,2.83689550099999997e+03
79,7.58045740000000023e+01,2.77611983099999998e+03,5.19912380000000027e+01,2.97538429899999983e+03
80,7.66838750000000005e+01,2.66919968199999948e+03,5.08221890000000016e+01,2.85660468399999991e+03
81,7.31960109999999986e+01,2.68474587599999995e+03,5.58514240000000015e+01,2.87354013299999997e+03
82,7.74760330000000010e+01,2.74430639900000006e+03,5.36201089999999994e+01,2.93512240599999996e+03
83,7.45744740000000093e+01,2.60863181399999985e+03,5.18756550000000018e+01,2.79645654699999977e+03
84,7.00222789999999975e+01,2.73270398499999965e+03,5.44672300000000007e+01,2.91571611699999994e+03
85,7.55489960000000025e+01,2.70177230000000009e+03,4.80065469999999976e+01,2.88687128299999995e+03
86,7.72896159999999952e+01,2.71439928099999997e+03,5.43005580000000023e+01,2.90641929500000015e+03
87,7.53277909999999906e+01,2.65362407000000030e+03,4.90848099999999974e+01,2.84101072500000009e+03
88,7.18656750000000102e+01,2.62941585399999985e+03,5.65195330000000027e+01,2.81782893400000012e+03
89,7.17395020000000017e+01,2.64868713100000014e+03,4.82661739999999995e+01,2.82781223099999988e+03
90,7.78837540000000104e+01,2.57314955499999996e+03,5.18770009999999999e+01,2.76252575600000000e+03
91,7.91921540000000022e+01,2.64922721899999988e+03,5.16347370000000012e+01,2.83919871700000022e+03
92,7.74414890000000042e+01,2.58720762800000011e+03,5.35788709999999995e+01,2.77751389800000015e+03
93,7.41364599999999996e+01,2.59508274699999993e+03,5.45761749999999992e+01,2.78253716399999985e+03
94,7.94838709999999935e+01,2.64870248999999967e+03,5.40656030000000030e+01,2.84202272600000015e+03
95,8.08914719999999932e+01,2.65417623700000013e+03,5.09119659999999996e+01,2.84547966600000018e+03
96,7.51959609999999969e+01,2.60326940100000002e+03,5.32454490000000007e+01,2.79153538500000013e+03
97,7.49279020000000031e+01,2.65599657599999955e+03,5.15698750000000032e+01,2.84179250599999978e+03
98,7.53885209999999972e+01,2.58685831899999994e+03,4.73058989999999966e+01,2.76932402300000012e+03
99,7.26791180000000026e+01,2.57888088900000002e+03,5.30039319999999989e+01,2.76174069499999996e+03
